83000,Hermosillo Centro,Colonia
83010,5 de Mayo,Colonia
83010,Country Club,Colonia
83010,Lomas Pitic,Colonia
83010,Mediterráneo Residencial,Colonia
83010,Campestre Residencial,Colonia
83010,Cerrada el Encanto,Fraccionamiento
83010,Los Igualados,Colonia
83010,Los Altos Residencial,Fraccionamiento
83010,Country Club Residencial,Fraccionamiento
83013,PEMEX,Colonia
83013,Ferrocarrilera,Colonia
83015,Rinconada de Nuevo León,Colonia
83016,Cruz Gálvez,Colonia
83020,Las Amapolas,Colonia
83029,La Metalera,Colonia
83030,Cañada de los Negros,Colonia
83040,Coloso,Colonia
83040,El Mariachi,Colonia
83050,El Ranchito,Colonia
83050,Rinconada de la Cruz,Colonia
83050,Bella Vista,Colonia
83060,Los Naranjos,Colonia
83067,Universidad,Colonia
83068,Revolución II,Colonia
83068,Los Sauces,Colonia
83070,Del Razo,Colonia
83070,San Juan,Colonia
83070,Cerrada Norwalk,Colonia
83078,Revolución I,Colonia
83079,Casa Blanca,Colonia
83079,Cerro de la Campana,Colonia
83079,Villa del Pitic,Colonia
83079,Privada Casa Blanca,Fraccionamiento
83079,Chino Abelardo,Colonia
83080,La Matanza,Colonia
83089,Las Pilas,Colonia
83090,Hacienda de la Flor,Colonia
83100,Apolo,Colonia
83100,Atardeceres,Colonia
83100,Ley 57,Colonia
83100,Popular,Colonia
83100,Prados del Sol,Colonia
83100,Misión del Real,Fraccionamiento
83100,Misión del Sol,Fraccionamiento
83100,San Diego,Fraccionamiento
83100,Prados de Bugambilias,Colonia
83100,Misión San Ignacio,Fraccionamiento
83100,Residencial Kino,Colonia
83100,Cerrada del Carmen,Colonia
83100,Privada Córdoba,Colonia
83100,Privada Robles,Colonia
83100,"15 ""A""",Colonia
83103,CNOP,Colonia
83103,Lomas de Madrid,Colonia
83104,López Portillo,Colonia
83104,Altos de Aragón,Fraccionamiento
83104,Alta Firenze Residencial,Fraccionamiento
83104,Alta Firenze Norte,Fraccionamiento
83104,Valle de Santa Mónica,Colonia
83104,San Lorenzo,Fraccionamiento
83104,Lomas de Linda Vista,Colonia
83104,Margaritas Olivos,Colonia
83104,Firenze Residencial,Fraccionamiento
83104,Alborada,Colonia
83104,Palermo Sección Veneto,Fraccionamiento
83104,Palermo Sección Partanna,Fraccionamiento
83104,Palermo Sección Ferrara,Fraccionamiento
83105,Jacinto López,Colonia
83105,Residencial la Cima,Fraccionamiento
83105,Residencial la Cima II,Fraccionamiento
83105,Granada,Fraccionamiento
83105,Guayacán,Colonia
83105,Caperuzo,Fraccionamiento
83105,4 de Marzo,Colonia
83105,El Cortijo,Fraccionamiento
83105,Haciendas Residencial,Fraccionamiento
83105,La Caridad,Fraccionamiento
83105,Nuevo Horizonte,Fraccionamiento
83105,Paseo de las Palmas,Fraccionamiento
83105,Villas del Palmar,Colonia
83105,Rincón Agradable,Colonia
83105,San Sebastián,Colonia
83105,Cerrada de la Capilla,Fraccionamiento
83105,Cortijo Periodista,Fraccionamiento
83105,Retorno de la Misión,Fraccionamiento
83105,Cerrada la Caridad,Fraccionamiento
83105,Lomas del Norte,Fraccionamiento
83106,Insurgentes,Colonia
83106,Monterosa Hábitat Residencial,Fraccionamiento
83106,Cárdeno Residencial,Fraccionamiento
83106,Vista Azul,Fraccionamiento
83106,La Mirada Residencial,Fraccionamiento
83106,Alto Valle,Fraccionamiento
83106,Los Ángeles,Fraccionamiento
83106,Rincón de Palmas,Fraccionamiento
83106,Villa Colonial,Colonia
83106,Villa Dorada,Fraccionamiento
83106,Villas de Cortés,Colonia
83106,Villa Guadalupe,Colonia
83106,Villa Sonora,Colonia
83106,Villas del Cortijo,Colonia
83106,Heberto Castillo,Colonia
83106,Villa del Rey,Colonia
83106,Privadas del Mirador,Fraccionamiento
83106,Privada Mixcoac,Fraccionamiento
83106,Las Vistas,Colonia
83106,Cerrada Coronado,Fraccionamiento
83106,Misión de Andalucía Residencial,Fraccionamiento
83106,Banus,Fraccionamiento
83106,Andalucía Residencial,Fraccionamiento
83106,Antara Residencial,Fraccionamiento
83106,Villa Colonial II,Colonia
83107,Altaria Residencial,Fraccionamiento
83107,Bilbao,Fraccionamiento
83107,Paseo del Cid Residencial,Fraccionamiento
83107,Montalbán Residencial,Fraccionamiento
83107,Catania Residencial,Fraccionamiento
83107,La Caridad,Fraccionamiento
83107,Canteras Residencial,Fraccionamiento
83107,Altaria Norte,Fraccionamiento
83107,Urbi Villa del Cedro,Fraccionamiento
83107,Urbi Alameda los Fresnos Residencial,Fraccionamiento
83107,Bella Vista,Ranchería
83107,La Reforma,Ranchería
83108,Puerta Norte,Fraccionamiento
83108,Pomona Residencial,Fraccionamiento
83108,Verandah,Fraccionamiento
83110,Benito Juárez,Colonia
83110,Mártires de Cananea,Colonia
83113,Jardines,Colonia
83113,Conjunto Arizona,Fraccionamiento
83114,Eusebio Kino,Colonia
83114,Velas Residencial,Fraccionamiento
83114,San Luis Rey,Fraccionamiento
83114,Santa Bárbara,Colonia
83114,Villas Residencial,Colonia
83114,Milán Residencial,Fraccionamiento
83114,Villa California Residencial,Fraccionamiento
83114,Lomas de Reforma,Fraccionamiento
83114,Aranjuez Residencial,Fraccionamiento
83115,Carmen Serdán,Colonia
83115,El Cortijo UNISON,Colonia
83116,Primero Hermosillo,Colonia
83116,Montesinos,Fraccionamiento
83116,Norberto Ortega,Colonia
83116,Real del Cobre,Fraccionamiento
83116,Solidaridad,Colonia
83116,Manuel Gómez Morín,Colonia
83116,Nueva Victoria,Colonia
83116,Valle del Portal,Fraccionamiento
83116,Real del Cardo,Fraccionamiento
83116,La Campiña,Fraccionamiento
83116,Villa Merlot Residencial,Fraccionamiento
83116,Tierra Colorada,Fraccionamiento
83116,Miguel Ángel Jiménez,Colonia
83116,Francisco Romero,Colonia
83116,Unión de Ladrilleros Manuel Dorado,Ranchería
83117,Miguel Hidalgo,Colonia
83117,Alondras Residencial,Fraccionamiento
83117,Monarca Residencial,Fraccionamiento
83117,Villa Bonita,Colonia
83117,Villas de San Lorenzo,Fraccionamiento
83117,Valladolid Residencial,Fraccionamiento
83117,El Encanto,Colonia
83117,Los Manantiales,Colonia
83117,Pilares,Fraccionamiento
83117,Privadas del Bosque,Colonia
83117,Tubac,Fraccionamiento
83117,Pueblo Bonito,Fraccionamiento
83117,Pueblo del Oro,Fraccionamiento
83117,Opatas,Colonia
83117,Cerrada Pimas,Colonia
83117,Cerrada Diamante,Fraccionamiento
83117,Palo Fierro,Fraccionamiento
83117,Torreplata Residencial,Fraccionamiento
83117,Romanza Residencial,Fraccionamiento
83117,Pueblitos Cerrada Kikapu,Fraccionamiento
83117,Pueblitos Cerrada Kukapa,Fraccionamiento
83117,Pueblitos Cerrada Papagos,Fraccionamiento
83117,Pueblitos Cerrada Guarijios,Fraccionamiento
83117,Privadas del Sauce,Fraccionamiento
83117,Los Pinos Residencial,Fraccionamiento
83117,Bicentenario Residencial,Fraccionamiento
83117,Portal de Romanza Residencial,Fraccionamiento
83117,Villas de Romanza,Fraccionamiento
83117,Miguel Valencia,Colonia
83118,Parque Industrial de Hermosillo Norte,Zona industrial
83118,Parque Central,Fraccionamiento
83118,Natura,Fraccionamiento
83118,Torralba Residencial,Fraccionamiento
83118,Privadas del Rey,Fraccionamiento
83118,Jardín Real Residencial,Fraccionamiento
83118,Monteregio Residencial,Fraccionamiento
83118,Cerro Colorado,Fraccionamiento
83118,Torre de Piedra,Fraccionamiento
83118,Cantabria,Fraccionamiento
83118,Privadas Santa Clara,Fraccionamiento
83118,Salvatierra,Colonia
83118,Real de Palmas,Fraccionamiento
83118,Valle Natura,Fraccionamiento
83118,Málaga,Fraccionamiento
83118,Navarra,Fraccionamiento
83118,Parque Industrial del Desierto,Zona industrial
83118,Nuevo Desierto,Colonia
83118,Arándanos Residencial,Fraccionamiento
83118,Villa del Real,Fraccionamiento
83118,Tumacacori,Fraccionamiento
83118,La Lengueta,Colonia
83118,Miniparque Industrial,Zona industrial
83118,Privadas del Real,Fraccionamiento
83118,Pueblo Alegre,Fraccionamiento
83118,Pueblo Escondido,Fraccionamiento
83118,Jorge Valdéz Muñoz,Fraccionamiento
83118,Privada San Germán,Fraccionamiento
83118,Pueblo del Sol,Fraccionamiento
83118,Villa Verde,Fraccionamiento
83118,Pueblo del Ángel,Fraccionamiento
83118,Pueblitos Sección los Álamos,Fraccionamiento
83118,Villas de Turin,Fraccionamiento
83118,Laura Alicia Frías de López Nogales,Colonia
83118,Tierra Nueva,Fraccionamiento
83118,Casalta Residencial,Fraccionamiento
83118,Córdoba Residencial,Fraccionamiento
83118,Paseos del Pedregal,Fraccionamiento
83118,Fuente de Piedra,Fraccionamiento
83118,Puerta del Rey,Fraccionamiento
83120,Las Isabeles,Colonia
83120,Progresista,Colonia
83120,Unión de Colonos,Colonia
83120,Machi López,Colonia
83120,Misión del Arco,Fraccionamiento
83120,Misioneros,Colonia
83120,Plaza Real,Fraccionamiento
83120,Virreyes,Colonia
83120,H Ayuntamiento,Colonia
83120,Los Viñedos,Colonia
83125,Villa Fontana,Colonia
83125,Plaza Grande,Fraccionamiento
83125,Misión San Jerónimo,Fraccionamiento
83126,Conquistadores,Colonia
83126,Cerro Colorado,Fraccionamiento
83126,Nueva Castilla,Colonia
83128,San Javier,Colonia
83130,Libertad,Colonia
83130,Santa Isabel,Colonia
83136,Choyal,Colonia
83136,Puesta del Sol,Colonia
83137,Las Flores,Colonia
83137,Cuartel Zona,Colonia
83138,Luis Encinas,Colonia
83138,Santa María,Colonia
83138,Bellavista,Fraccionamiento
83138,Sonomex,Colonia
83139,ISSSTESON Norte,Colonia
83139,Las Torres,Colonia
83140,Bugambilia,Colonia
83140,Jesús García,Colonia
83140,Los Rosales,Colonia
83140,Bugambilias,Colonia
83140,Plaza Inn,Fraccionamiento
83143,Ibiza Residencial,Fraccionamiento
83143,Residencial la Cañada,Fraccionamiento
83143,Andares,Fraccionamiento
83143,Cerrada Cucurpe,Fraccionamiento
83143,Cumbres Residencial,Fraccionamiento
83143,Cucurpe II,Fraccionamiento
83143,Del Pedregal Privadas Residenciales,Fraccionamiento
83144,Sacramento Residencial,Colonia
83145,Colinas,Colonia
83145,Catalinas Residencial,Fraccionamiento
83145,Zona Militar Cuartel XV,Zona militar
83145,Terrazas Del Mirador,Fraccionamiento
83145,Santa Lucía,Fraccionamiento
83145,Privada Victoria,Colonia
83145,Vista del Sol Residencial,Fraccionamiento
83146,Los Sabinos,Colonia
83146,La Rioja Norte,Fraccionamiento
83146,La Paloma Residencial I,Fraccionamiento
83146,Cumbres Residencial III,Colonia
83146,Quinta la Paloma,Fraccionamiento
83146,Puerta de Hierro,Fraccionamiento
83146,La Paloma Residencial II,Fraccionamiento
83146,Colinas de San Javier,Fraccionamiento
83147,Cuatro Olivos,Colonia
83147,Paseo de las Margaritas,Fraccionamiento
83147,Rosario Ibarra de Piedra,Colonia
83147,Sierra Blanca,Fraccionamiento
83147,Sierra Vista,Fraccionamiento
83148,Bachoco,Colonia
83148,Colina Blanca,Colonia
83148,Torre Santa Mónica,Condominio
83148,Residencial Bretaña,Fraccionamiento
83148,El Dorado,Fraccionamiento
83148,Pueblo Alto Residencial,Fraccionamiento
83148,La Ventana,Fraccionamiento
83148,Loreto,Colonia
83148,Arcadia,Colonia
83148,Portón del Arco,Colonia
83148,Paseo de la Colina,Fraccionamiento
83148,Villa Toscana Residencial,Fraccionamiento
83148,Tosali Residencial,Fraccionamiento
83149,Francisco Villa,Colonia
83150,Constitución,Colonia
83150,Loma Linda,Colonia
83150,Pitic,Colonia
83156,Periodista,Colonia
83156,Caserío Solar,Colonia
83157,ISSSTE Federal,Colonia
83159,Lomas Altas,Colonia
83159,La Jolla Villa Turquesa,Fraccionamiento
83159,La Jolla Villa de las Perlas,Fraccionamiento
83159,La Jolla Villa de los Diamantes,Fraccionamiento
83159,La Jolla Villa de los Zafiros,Fraccionamiento
83159,La Jolla Villa de las Esmeraldas,Fraccionamiento
83159,Las Lomas del Pitic,Fraccionamiento
83159,Cuartel Pitic,Colonia
83160,San Luis,Colonia
83160,Parque Industrial Pimex,Colonia
83165,La Ponderosa,Colonia
83165,Café Combate,Colonia
83165,Guadalupe,Rancho
83166,Santerra,Fraccionamiento
83166,Rancho San Ignacio,Fraccionamiento
83166,Ventura Residential Club,Fraccionamiento
83166,Hacienda Residencial Condominal,Fraccionamiento
83166,Block Mexicano de Tacupeto,Equipamiento
83166,La Escopeta (Los Guayacanes),Ranchería
83166,Postería DARESA,Equipamiento
83166,Sociedad Cooperativa Veinticuatro de Febrero,Ranchería
83166,Valenzuela Hermanos,Ranchería
83170,Adolfo López Mateos,Colonia
83170,Álvaro Obregón,Colonia
83170,Mirasoles,Colonia
83170,Antonio Parada Cano,Colonia
83170,22 de Septiembre,Colonia
83170,Nueva España,Fraccionamiento
83170,Privada de los Azulejos,Colonia
83170,Internacional,Colonia
83170,Nueva Palmira Residencial,Fraccionamiento
83170,Las Plazas,Colonia
83170,San Bernardino,Colonia
83171,Sahuaro Indeco,Colonia
83173,Albaterra,Fraccionamiento
83173,Las Cuevitas,Colonia
83173,Humberto Gutiérrez Corona,Colonia
83173,Cajeme,Colonia
83173,Tarento,Fraccionamiento
83173,Capadocia,Fraccionamiento
83173,Las Cuevas,Colonia
83173,Villas del Colorado,Colonia
83173,La Antorcha Campesina,Colonia
83174,Sonacer,Colonia
83174,San Isidro,Colonia
83174,Rancho Bonito Residencial,Colonia
83174,Parque Industrial Labor,Zona industrial
83174,El Llanito,Colonia
83175,Jerez del Valle,Colonia
83175,Topacio Residencial,Fraccionamiento
83175,Murano Residencial,Fraccionamiento
83175,Parque Industrial Latitud,Zona industrial
83175,Kinetec,Zona industrial
83175,Hacienda del Sol,Fraccionamiento
83175,Valle Dorado,Fraccionamiento
83175,Nuevo Sahuaro,Colonia
83175,Casa Bonita,Fraccionamiento
83175,Villa Mercedes,Fraccionamiento
83175,Los Arroyos,Fraccionamiento
83175,La Choya,Fraccionamiento
83175,Río de Plata,Fraccionamiento
83175,Casa Bonita II,Fraccionamiento
83175,El Esplendor,Fraccionamiento
83175,La Choya II Sección,Fraccionamiento
83176,Parque Industrial,Zona industrial
83177,Stanza Solare Residencial,Fraccionamiento
83177,Las Veredas,Fraccionamiento
83177,California,Fraccionamiento
83177,Salamanca Residencial,Fraccionamiento
83177,Santa Martha,Fraccionamiento
83177,Alcázar,Fraccionamiento
83177,Luis Donaldo Colosio,Colonia
83177,San Bosco,Fraccionamiento
83177,San Francisco,Fraccionamiento
83177,Puerta Real Residencial,Fraccionamiento
83177,Benei Residencial,Fraccionamiento
83177,Palma Dorada Residencial,Fraccionamiento
83177,San Juan Bosco II,Fraccionamiento
83177,Misión de los Lirios,Fraccionamiento
83177,San Marcos,Fraccionamiento
83177,Los Apaches,Ranchería
83177,Acacia Residencial,Fraccionamiento
83178,Camino Real,Colonia
83178,Misión,Colonia
83178,Bosco Residencial,Fraccionamiento
83178,Sahuaro,Colonia
83178,Bella Vista,Fraccionamiento
83178,Buena Vista,Fraccionamiento
83178,Buenaventura,Fraccionamiento
83178,Camino Real Norte,Colonia
83178,Sahuaro Final,Colonia
83179,Unión de Ladrilleros,Colonia
83179,Buenos Aires,Fraccionamiento
83179,Dunas,Fraccionamiento
83179,Del Bosque,Fraccionamiento
83179,Floresta Villa Ceiba,Fraccionamiento
83179,Sol Aguilar,Colonia
83179,FONAPO,Colonia
83179,Floresta Villa Fresnos,Fraccionamiento
83179,Condominio San Pablo,Colonia
83179,Ampliación Ladrilleras,Colonia
83179,El Mirador (Invasión),Colonia
83179,El Chaparral (Invasión),Colonia
83179,Villa Sauces,Fraccionamiento
83179,Dunas II,Fraccionamiento
83179,Floresta Villa Ciruelos,Fraccionamiento
83179,Floresta Villa Cipreces,Fraccionamiento
83179,Floresta Villa Almendras,Fraccionamiento
83179,Oasis Lantana,Fraccionamiento
83180,Balderrama,Colonia
83180,Olivares,Colonia
83188,Pimentel,Colonia
83190,Modelo,Colonia
83190,San Benito,Colonia
83200,Rincón de La Herradura,Colonia
83200,Racquet Club I Sección Sur,Colonia
83200,Valle Verde,Colonia
83200,Villa Satélite,Colonia
83200,Racquet Club II Sección Norte,Colonia
83200,Plaza de Las Franquicias,Zona comercial
83204,Alameda,Colonia
83204,Torreón,Colonia
83204,Los Canarios,Colonia
83205,Valle Grande,Colonia
83206,Valle del Sol,Colonia
83207,Valle Escondido,Colonia
83208,La Huerta,Colonia
83209,Valle Hermoso,Colonia
83210,El Llano,Colonia
83210,Siena Residencial,Fraccionamiento
83210,Parque Industrial Dynatech,Zona industrial
83214,Quinta Emilia,Colonia
83220,La Manga,Colonia
83220,Real de Sevilla Club Residencial,Fraccionamiento
83220,La Coruña Residencial,Fraccionamiento
83220,La Coruña Residencial Almar,Fraccionamiento
83220,La Coruña Residencial Portonovo,Fraccionamiento
83220,Valle de Napa,Fraccionamiento
83220,Vivento,Fraccionamiento
83220,Brianzas,Fraccionamiento
83220,Real del Llano,Colonia
83220,Villas del Mediterráneo Residencial,Fraccionamiento
83220,Campo Grande Residencial,Fraccionamiento
83220,Cuadra los Locos,Ranchería
83220,Francisco Javier Fiel,Ranchería
83220,Los Castillo,Ranchería
83223,Obispos Residencial,Fraccionamiento
83223,San Andrés Residencial,Fraccionamiento
83224,Real de Castilla,Fraccionamiento
83224,Privada Dalí,Fraccionamiento
83224,La Encantada Privada Alebrijes,Fraccionamiento
83224,Villa de Parras Residencial,Fraccionamiento
83224,Real de Montejo,Colonia
83224,Obispos Residencial II,Fraccionamiento
83224,Real de Quiroga,Fraccionamiento
83224,Salvatierra Residencial,Fraccionamiento
83224,Parque Versalles,Fraccionamiento
83224,Paseo de las Misiones Residencial,Fraccionamiento
83224,Compostela Residencial,Colonia
83224,La Encantada Privada Tesoros,Fraccionamiento
83224,La Encantada Privada Azulejos,Fraccionamiento
83224,La Encantada Privada Leyendas,Fraccionamiento
83224,La Rioja,Fraccionamiento
83224,El Conquistador Residencial,Fraccionamiento
83224,Los Santos Residencial,Colonia
83225,Alcinos,Fraccionamiento
83225,Cuadra América,Ranchería
83225,El Chino,Ranchería
83225,Electro Sistemas Mexicanos,Equipamiento
83225,Familia Huerta,Ranchería
83225,Familia Madrid,Ranchería
83225,Grúas Cajeme,Ranchería
83225,La Reyna,Ranchería
83225,Campo Abierto (Luis Medina Ramonet),Ranchería
83225,Santa Anita,Ranchería
83229,Hermosillo (General Ignacio Pesqueira García),Aeropuerto
83230,Altozano,Fraccionamiento
83230,Basalto,Fraccionamiento
83240,Fuentes del Mezquital,Colonia
83240,Las Quintas,Colonia
83240,Tejares,Condominio
83240,Cerrada de Minas,Fraccionamiento
83240,Alcalá Residencial,Fraccionamiento
83240,Valle Bonito,Colonia
83240,Villa Sol,Colonia
83240,Villa Florencia,Fraccionamiento
83240,Valle del Lago Residencial,Fraccionamiento
83240,Portal del Lago,Fraccionamiento
83243,Corceles Residencial,Fraccionamiento
83243,Alta Riviera Residencial,Fraccionamiento
83243,Castello Residencial,Fraccionamiento
83243,Rivello Residencial,Fraccionamiento
83243,El Secreto,Fraccionamiento
83243,Bonaterra Residencial,Fraccionamiento
83243,Rivello III,Fraccionamiento
83243,Rosetta,Fraccionamiento
83243,Ocotillo,Fraccionamiento
83243,Alvento,Fraccionamiento
83243,Olivar,Fraccionamiento
83243,Villa de los Corceles,Fraccionamiento
83243,Las Provincias,Fraccionamiento
83243,El Chanate,Ranchería
83243,La Yeya,Ranchería
83243,Hotel Spa Temazcalli Eco,Equipamiento
83243,Santa Cecilia (Licona),Ranchería
83244,Concordia Residencial,Fraccionamiento
83244,Concordia Armonia,Fraccionamiento
83244,Los Choros (Predio Veintiuno),Ejido
83244,Maclasa (CAMSA),Ranchería
83245,Punta de Lago,Fraccionamiento
83245,Los Lagos,Fraccionamiento
83245,Nueva Galicia,Colonia
83246,Mezquital del Oro,Colonia
83246,Paseo del Sol,Colonia
83246,Casa Grande Residencial I,Fraccionamiento
83246,Casa Grande Residencial II,Fraccionamiento
83246,Casa Grande Residencial III,Fraccionamiento
83246,Condominio Hacienda Real,Fraccionamiento
83247,Flamingos,Fraccionamiento
83247,Los Portales,Fraccionamiento
83247,Llano Verde,Fraccionamiento
83247,Vista del Lago,Fraccionamiento
83247,Puerta Grande,Fraccionamiento
83247,Oficinas Federales,Colonia
83247,Cataviña Residencial,Fraccionamiento
83248,Residencial de Anza,Colonia
83249,Santa Fe,Colonia
83249,Torre KYO Navarrete,Condominio
83249,Villa Universitaria,Fraccionamiento
83249,Campanario,Fraccionamiento
83249,Capistrano Residencial,Fraccionamiento
83249,Staus,Fraccionamiento
83249,Seminario Residencial,Colonia
83249,Nazareo Residencial,Colonia
83249,Coronado Residencial,Fraccionamiento
83249,Residencial Navarrete,Fraccionamiento
83249,Montebello Residencial,Fraccionamiento
83249,Alta California Residencial,Fraccionamiento
83249,Terra Blanca Residencial,Fraccionamiento
83249,Seminario Mayor,Equipamiento
83250,Las Granjas,Colonia
83250,Los Arcos,Colonia
83250,Palmar del Sol,Colonia
83250,Real del Arco,Colonia
83250,Metrocentro,Zona comercial
83250,El Recodo,Colonia
83260,Centenario,Colonia
83260,Prados del Centenario,Colonia
83260,San Antonio,Colonia
83260,Fuentes del Centenario,Colonia
83260,ISSSTESON Centenario,Colonia
83270,El Malecón,Colonia
83270,La Mosca,Colonia
83270,Las Palmas,Colonia
83270,Proyecto Río Sonora,Zona industrial
83278,ISSSTESON Lux,Colonia
83280,Cerro de la Cruz,Colonia
83280,El Jito,Colonia
83280,Emiliano Zapata,Colonia
83280,Palo Verde,Colonia
83280,Tiro Al Blanco,Colonia
83280,Villa de Seris,Colonia
83280,Villa Hermosa,Colonia
83280,La Candelaria,Fraccionamiento
83280,Finca Santa María,Fraccionamiento
83280,Villa Sureña,Colonia
83280,El Mezquite,Colonia
83280,Solidaridad Vildosola,Colonia
83280,Colegio de Bachilleres,Equipamiento
83280,San Pablo,Fraccionamiento
83280,Los Poetas,Colonia
83284,Santa Anita Residencial,Fraccionamiento
83284,Quinta Esmeralda,Fraccionamiento
83284,Las Peredas,Colonia
83284,San Fermín,Fraccionamiento
83284,Las Tres Reynas,Colonia
83284,Casa Linda,Colonia
83284,Costa del Sol,Fraccionamiento
83284,Palo Verde Indeur los Olivos,Colonia
83284,Nueva Esperanza,Colonia
83284,Los Girasoles,Colonia
83284,Hacienda los Alcatraces,Colonia
83284,Hacienda los Lirios,Colonia
83284,Villas del Sur,Fraccionamiento
83284,Agaves Residencial,Fraccionamiento
83284,Quintas del Sol Residencial,Fraccionamiento
83284,Los Olivos,Colonia
83284,Adolfo López Mateos,Colonia
83284,San Ramón (Hezaki Quihuis),Ranchería
83285,Las Minitas,Colonia
83285,Florenza Residencial,Fraccionamiento
83285,Montereal,Fraccionamiento
83285,Mesaverde,Fraccionamiento
83285,Oasis Solera,Fraccionamiento
83285,El Alamo Residencial,Fraccionamiento
83285,Nueva Ilusión,Colonia
83285,Florenza Plus,Fraccionamiento
83285,Stanza Florenza,Fraccionamiento
83285,Parque Industrial Río Sonora Tetakawi,Zona industrial
83285,Mar de Plata,Fraccionamiento
83285,Arco Iris,Colonia
83285,Hermosa Provincia,Colonia
83285,San José de las Minitas,Colonia
83285,Cerrada de Minas,Colonia
83285,Real de Minas,Fraccionamiento
83285,Oasis del Sol,Fraccionamiento
83285,Oasis Santa Fe,Fraccionamiento
83285,Oasis Solana,Fraccionamiento
83285,Quinta Real,Fraccionamiento
83285,Puerta Esmeralda,Fraccionamiento
83285,Ejido el Buey,Colonia
83285,Oasis Palmeira,Fraccionamiento
83285,Virgo [Proyectos y Construcciones],Ranchería
83285,Parcela de Nieves (Ramón Gálvez),Ranchería
83285,José Parra,Ranchería
83285,Campestre Nueva Ilusión,Ranchería
83285,Rosalío Parra,Colonia
83285,Unión de Ladrilleros Potrero de Bushuard,Ejido
83286,Tirocapes,Colonia
83286,Cerro Apache,Colonia
83287,El Apache,Colonia
83287,Nacameri,Colonia
83287,San Ángel,Colonia
83287,Alegranza Residencial,Fraccionamiento
83287,Renaceres,Fraccionamiento
83287,Valle San Francisco,Fraccionamiento
83287,Áurea Residencial,Fraccionamiento
83287,Ejido de Villa de Seris,Colonia
83287,Monet,Fraccionamiento
83287,Las Placitas,Colonia
83287,Sorento Residencial,Fraccionamiento
83287,Áurea Argento,Fraccionamiento
83287,Praga,Fraccionamiento
83287,Benevento,Fraccionamiento
83287,Soneto Residencial,Fraccionamiento
83287,Comarcas de Andalucía,Fraccionamiento
83287,Paseo San Ángel,Fraccionamiento
83287,Camino del Seri,Colonia
83287,Real del Carmen,Fraccionamiento
83287,Residencial Pima,Colonia
83287,Los Tulipanes,Colonia
83287,Portal del Pitic,Fraccionamiento
83287,Casa Real,Fraccionamiento
83287,Soleil Residencial,Fraccionamiento
83287,Urbi Villa del Prado,Fraccionamiento
83287,Arcángel Residencial,Fraccionamiento
83287,Paseo Real Residencial,Fraccionamiento
83287,Azores Residencial,Fraccionamiento
83287,Urbi Villa Campestre,Fraccionamiento
83287,José Arturo Vega,Ranchería
83288,Genova Residencial,Fraccionamiento
83288,FOVISSSTE,Unidad habitacional
83288,Corsica Residencial,Fraccionamiento
83288,Sedona Residencial,Fraccionamiento
83288,Barcelona Residencial,Fraccionamiento
83288,Real de Toledo Residencial,Fraccionamiento
83288,San Marino Residencial,Fraccionamiento
83288,Kyo Upday,Condominio
83288,Monte de Calabria Residencial,Fraccionamiento
83288,Montecarlo Residencial,Colonia
83288,La Verbena,Fraccionamiento
83288,Villa Bonita,Fraccionamiento
83288,Río Grande Residencial,Fraccionamiento
83288,Privada Rosales,Fraccionamiento
83288,Mónaco Privadas Residenciales,Colonia
83288,Residencial Peñasco,Fraccionamiento
83288,Marsella Residencial,Fraccionamiento
83288,Jardines de Mónaco,Fraccionamiento
83288,Asturias Residencial,Fraccionamiento
83288,Villa Lourdes,Fraccionamiento
83288,Villa Residencial Bonita,Fraccionamiento
83288,Las Praderas,Colonia
83288,Arandas Residencial,Fraccionamiento
83288,Maquilas y Materiales Prensados,Equipamiento
83289,Las Villas,Colonia
83289,Francisco Eusebio Kino ISSSTESON,Fraccionamiento
83290,Piedra Bola (Pedregal de la Villa),Colonia
83290,Y Griega,Colonia
83293,Urbi Alameda los Encinos II Residencial,Fraccionamiento
83293,Akiwiki,Colonia
83293,Las Lomas del Mirador,Colonia
83293,Las Lomas del Sol,Colonia
83293,Las Lomas del Sur,Colonia
83293,Las Lomas Sección los Manzanos,Colonia
83293,Central de Abastos,Zona comercial
83293,Las Lomas de Cortés,Colonia
83293,Las Lomas Sección Bonita,Colonia
83293,Las Lomas Sección Castaños,Colonia
83293,Las Lomas Privada las Lomas,Colonia
83293,Las Lomas Sección el Paraíso,Colonia
83293,Las Lomas Privada del Bosque,Colonia
83293,Las Lomas Real del Parque,Colonia
83293,Urbi Villa del Rey Sección Manzanos II,Fraccionamiento
83293,Urbi Villa del Rey Sección Castaños III,Fraccionamiento
83293,Urbi Villa del Rey Sección Castaños II,Fraccionamiento
83293,Urbi Villa del Rey Sección los Almendros II,Fraccionamiento
83293,Urbi Villa del Rey Sección los Almendros III,Fraccionamiento
83293,Urbi Villa del Rey Sección Castaños IV,Fraccionamiento
83293,Urbi Villa del Rey,Fraccionamiento
83293,Urbi Villa del Rey Sección los Almendros I,Fraccionamiento
83293,Urbi Villa del Rey Sección Castaños I,Fraccionamiento
83293,Las Lomas,Fraccionamiento
83293,La Campana,Fraccionamiento
83293,Urbi Alameda los Encinos I Residencial,Fraccionamiento
83293,Privada Villa del Rey,Fraccionamiento
83293,Sector Industrial Presa,Zona industrial
83294,Cuauhtémoc,Colonia
83294,Los Álamos,Colonia
83294,Calandria,Condominio
83294,Perisur,Colonia
83294,Valle del Marquez,Fraccionamiento
83294,Rincón del Marquez,Colonia
83295,Adolfo de la Huerta,Colonia
83295,Comercial Cedros,Zona comercial
83296,Colinas del Sur,Fraccionamiento
83296,Nuevo Hermosillo,Colonia
83296,Castelina,Fraccionamiento
83296,Bonanza Residencial,Fraccionamiento
83296,Belcanto,Fraccionamiento
83296,Villalba,Fraccionamiento
83296,Altares Sección Dorada,Fraccionamiento
83296,SolHara,Fraccionamiento
83296,Mirabal,Colonia
83296,El Realengo,Fraccionamiento
83296,Altares,Fraccionamiento
83296,Chula Vista,Fraccionamiento
83296,Las Diligencias,Fraccionamiento
83296,Arboledas,Fraccionamiento
83296,Renacimiento,Fraccionamiento
83296,Terranova,Fraccionamiento
83296,Altamira,Fraccionamiento
83296,Las Carretas,Fraccionamiento
83296,Altares II,Fraccionamiento
83296,Santa Cecilia,Fraccionamiento
83296,Altares Rancho Grande,Fraccionamiento
83296,Valle de los Almendros,Fraccionamiento
83296,Mallorca Residencial,Fraccionamiento
83296,Vista Real,Fraccionamiento
83296,Haciendas del Sur,Fraccionamiento
83296,Los Polvorines,Ranchería
83297,Gala III,Fraccionamiento
83297,Gala I,Fraccionamiento
83297,Parque Industrial Sonora,Zona industrial
83297,Agualurca,Fraccionamiento
83297,Sierra Clara,Fraccionamiento
83297,Parque Industrial Dynatech Sur,Zona industrial
83297,Gala II,Fraccionamiento
83299,Parque Industrial Hermosillo,Zona industrial
83299,La Cruz,Colonia
83300,El Saucito,Pueblo
83300,Estación Zamora,Pueblo
83300,La Labor,Ranchería
83300,El Zacatón,Ejido
83300,Valle de San Pedro,Fraccionamiento
83300,Campestre Cetáceas,Colonia
83300,El Papalote,Colonia
83300,El Retiro,Colonia
83300,Río Azul Sección Turquesa,Fraccionamiento
83300,Río Azul Sección Zafiro,Fraccionamiento
83300,Río Azul Sección Diamante,Fraccionamiento
83300,Club Campestre Río Azul,Fraccionamiento
83300,Rancho Viejo,Fraccionamiento
83300,La Chinita Tres (Campestre Jiménez),Fraccionamiento
83300,Turquesa Vip,Fraccionamiento
83300,Perla Negra (Campestre Jiménez),Colonia
83300,El Retiro (Sección Oasis),Colonia
83300,Los Laureles,Fraccionamiento
83300,Campestres las Palmas,Fraccionamiento
83300,Real del Alamito [Fraccionamiento Campestre],Fraccionamiento
83300,Real del Alamito,Ejido
83300,La Cuesta [Viñedo],Rancho
83300,Campestre las Granjas,Fraccionamiento
83300,René Córdova,Ranchería
83300,Adán López,Ranchería
83300,Agrícola Martha,Ranchería
83300,Alto Verde (Río Blanco),Granja
83300,Agropecuaria Blanca Julia,Granja
83300,Alejandro Gutiérrez,Ranchería
83300,Alemania,Ranchería
83300,Alemania Dos,Ranchería
83300,Arturo Wereca,Ranchería
83300,Benito Félix,Ranchería
83300,Campito la Herradura,Ranchería
83300,Campo la Valiana,Ranchería
83300,Campo las Lomitas,Ranchería
83300,Campo Michelle,Ranchería
83300,Montecristo,Ranchería
83300,Carlos de León Fernández (Vivero),Equipamiento
83300,Casa Blanca,Ranchería
83300,Casa de Alto (Ramón Preciado),Ranchería
83300,Chichí López,Ranchería
83300,La Herradura [Campestre],Ranchería
83300,El Alamito,Rancho
83300,El Porvenir,Ranchería
83300,El Carmen,Ejido
83300,Clara Eloísa Othón (El Alamito),Ranchería
83300,El Alamito,Ranchería
83300,El Alamito [Fundidora],Ranchería
83300,Chulavista Dos,Ranchería
83300,Campo La Noria [Leyva Espinoza],Ranchería
83300,El Alamito,Ejido
83300,El Alamito,Granja
83300,El Bachatal,Ranchería
83300,El Baiburín,Ranchería
83300,El Dorado,Hacienda
83300,Campo Gassa (Asociación Ganadera de Alimentos),Granja
83300,El Cebollón [Campestre],Colonia
83300,Alberto Guzmán,Ranchería
83300,El Pepache (Francisco Quiroga),Ranchería
83300,El Jecotal,Ranchería
83300,El Mahuachi,Ranchería
83300,El Memucho,Ranchería
83300,El Milagro,Ranchería
83300,El Mocloy,Ranchería
83300,El Modelo,Ranchería
83300,El Nogal,Ranchería
83300,El Ocotillo,Ranchería
83300,El Orégano,Ranchería
83300,El Otro Lado,Ranchería
83300,El Palo Fierro,Ranchería
83300,El Recodo,Ranchería
83300,El Repecho,Ranchería
83300,El Repecho (Javier López Molina),Ranchería
83300,El Represito (Heriberto Peralta),Ranchería
83300,El Represo,Ranchería
83300,El Resplandor,Hacienda
83300,El Retanque,Ranchería
83300,El Rosario,Ranchería
83300,El Bohemio,Ranchería
83300,El Saucito 2,Ranchería
83300,El Saucito de Enmedio,Ranchería
83300,El Tijerito,Ranchería
83300,El Tijerito,Ejido
83300,Elías Córdova,Ranchería
83300,Elías Ortega,Ranchería
83300,Engorda Campo Nuevo,Equipamiento
83300,Establo San Marcos,Ranchería
83300,Establo Santo Niño,Ranchería
83300,La Parcela [José Jesús Miramontes],Ranchería
83300,Nopales María Dolores,Ranchería
83300,Las Moras,Finca
83300,Chula Vista,Fraccionamiento
83300,Río Bonito,Fraccionamiento
83300,Porfirio Corella,Ranchería
83300,San Judas,Granja
83300,Casa Blanca,Rancho
83300,Guadalupe,Ranchería
83300,Guadalupe Germán,Ranchería
83300,Héctor Ruiz,Ranchería
83300,Isidro Castellano,Ranchería
83300,La Milagrosa II,Ranchería
83300,Jesús Castellanos,Ranchería
83300,José Esparza Rivera,Ranchería
83300,Campestre Casa Blanca,Colonia
83300,José Jesús Corrales,Ranchería
83300,Josefina Dos,Ranchería
83300,Juan Manuel Bracamontes,Ranchería
83300,La Coyota (La Coyotita),Ranchería
83300,La Coyotita,Ranchería
83300,La Cuesta (Pozo Dos) [Viñedo],Ranchería
83300,La Finca,Colonia
83300,La Florida [viñedo],Ranchería
83300,Las Milpas,Ranchería
83300,La Herradura,Fraccionamiento
83300,La India,Ranchería
83300,La Labor,Hacienda
83300,La Loma,Ranchería
83300,La Milagrosa,Ranchería
83300,La Milagrosa [Engorda],Ranchería
83300,La Nopalera,Ranchería
83300,La Nopalera,Ejido
83300,La Noria,Ranchería
83300,La Noria,Ejido
83300,Rascón Coronado [Palos Fierro],Ranchería
83300,La Resolana,Ranchería
83300,La Tembladera de Abajo,Ranchería
83300,La Tijera,Ranchería
83300,La Tortuga,Ranchería
83300,Las Brechas,Ranchería
83300,Las Ceibas,Ranchería
83300,Las Dos Marías,Colonia
83300,Campestre Hacienda la Labor,Granja
83300,Las Merceditas (Agronuts),Ranchería
83300,Campo LUFATE,Ranchería
83300,Alejandro Rival Sánchez,Ranchería
83300,Las Palmas (Víctor Palma),Ranchería
83300,Las Isabeles ( José Castellano),Ranchería
83300,Las Tortolitas,Ranchería
83300,Laura Bella Dos,Ranchería
83300,Laura Bella Uno,Ranchería
83300,Laureles,Ranchería
83300,Los Benavides,Ranchería
83300,Los Cúmaros (Establo San Francisco),Ranchería
83300,Los Coyotes,Ranchería
83300,Los Jardines,Ranchería
83300,Santa Eduwiges,Ranchería
83300,Los Mezquites,Ranchería
83300,Los Milagros,Ranchería
83300,Los Moros,Ranchería
83300,Los Pinitos,Ranchería
83300,Los Pozos,Ranchería
83300,Los Pozos,Ejido
83300,Los Pachecos,Ranchería
83300,Los Sauces,Ejido
83300,Los Vados,Ranchería
83300,El Jarrito,Ranchería
83300,Manantial de Camoú [Campestre],Colonia
83300,Campestre Bermudas [Manuel Ruiz],Ejido
83300,Mazocari [Agropecuaria],Granja
83300,Víctor Córdova,Ranchería
83300,El Perú (Patrocipes),Ranchería
83300,Porcicola Clamaral,Granja
83300,Manuel Samaniego,Ranchería
83300,Ramón Trujillo (La Milpa),Ranchería
83300,Real de Mulato,Ranchería
83300,Ricardo Retes,Ranchería
83300,Rosalío Chávez,Ranchería
83300,San Alberto,Ranchería
83300,San Emilio,Ranchería
83300,San Esteban,Ranchería
83300,San Fernando (La Bolsas),Ranchería
83300,San Francisco,Ranchería
83300,San Francisco,Ejido
83300,San Javier,Ranchería
83300,San José,Rancho
83300,San Juan,Ranchería
83300,San Juan,Ejido
83300,San Juanico [Campestre],Ranchería
83300,San Judas,Ranchería
83300,San Leopoldo,Ranchería
83300,San Lorenzo,Ranchería
83300,San Martín,Ranchería
83300,San Martín (Alamito),Ranchería
83300,San Miguel,Ranchería
83300,San Pedrito,Ejido
83300,La Herradura,Ranchería
83300,San Rafael [Campestre],Ranchería
83300,San Rodolfo,Ranchería
83300,Santa Belem,Ranchería
83300,Los Sauces,Ranchería
83300,Santa Elena,Ejido
83300,Santa Lucina [Campestre],Colonia
83300,Santa Rita,Ranchería
83300,Santa Rita,Ejido
83300,Santa Rosa,Ranchería
83300,Santa Rosa,Ejido
83300,Santa Rosa,Rancho
83300,Santa Teresa,Ranchería
83300,Santa Teresa (Los Ruices),Ranchería
83300,Santa Teresita,Ranchería
83300,San Alonso,Ranchería
83300,La Fuente de la Juventud,Colonia
83300,Sol Azteca,Ranchería
83300,Villa Dorada,Colonia
83300,Villa Guadalupe [Campestre],Ranchería
83300,Villa Manantial [Campestre],Colonia
83300,Viñedo 2000,Ranchería
83300,Viñedos 2000 Sur,Ejido
83300,Viñedo 2000,Rancho
83300,Viñedos del Pozzo,Ranchería
83300,Sonora,Rancho
83303,Mesa del Seri,Ejido
83303,Molino de Camou (San Isidro),Ejido
83303,Topahue,Ejido
83303,San José de Gracia,Ejido
83303,San Francisco de Batuc,Colonia
83303,Hacienda de los Valencia,Fraccionamiento
83303,Campestre el Potrillo,Fraccionamiento
83303,Chula Vista (Campestre Jiménez),Fraccionamiento
83303,Colinas del Molino (Campestre Jiménez),Fraccionamiento
83303,Río Azul Sección Rubí,Fraccionamiento
83303,El Alamito Buenavista (El Tronconal),Ejido
83303,San Juan,Ejido
83303,Cementos Holcim Apasco [Cementera],Zona industrial
83303,Alberto Bustamante,Ranchería
83303,Alejandro Córdova (El Alamito),Ranchería
83303,Andrés Beltrán,Ranchería
83303,Apolo,Ranchería
83303,Armando Ramírez,Ranchería
83303,Buena Vista,Ranchería
83303,Buena Vista [Fraccionamiento Campestre],Fraccionamiento
83303,Campestre San Isidro,Ranchería
83303,Campo Nuevo,Ranchería
83303,Campo Sergio López Luna,Ranchería
83303,Elmer García,Ranchería
83303,Cerro las Hormigas (Jesús Mario),Ranchería
83303,Chano Quintero,Ranchería
83303,Crisosa (Cribadora de Sonora),Ranchería
83303,San Miguel,Ranchería
83303,Danny,Ranchería
83303,Dinámica del Pacífico (Santa Fe),Ranchería
83303,Don Nazario,Ranchería
83303,El Abra,Ranchería
83303,El Terreno,Ranchería
83303,El Chinalito,Ranchería
83303,El Álamo [Fraccionamiento Campestre],Ranchería
83303,El Barzón,Ranchería
83303,Constructora Elga,Equipamiento
83303,El Alamito (Campo el Chale),Ranchería
83303,El Bofito,Ranchería
83303,El Cable (Santa Mercedes),Ranchería
83303,El Cachoral,Ranchería
83303,El Cajón Verde,Ranchería
83303,El Campito,Ranchería
83303,El Campito,Ejido
83303,El Campito Montaño,Ranchería
83303,El Cantón,Ranchería
83303,El Cimarrón,Ranchería
83303,El Coyote,Ranchería
83303,El Cuatro,Ranchería
83303,El Esfuerzo,Ranchería
83303,El Garambullo,Ejido
83303,El Garambullo,Ranchería
83303,El Laberinto,Ranchería
83303,El Maguachi,Ranchería
83303,El Moisés,Ranchería
83303,El Nomo,Ranchería
83303,El Papalote,Ranchería
83303,El Pinal (El Alamito),Ranchería
83303,El Pozo,Ranchería
83303,El Pozo Nuevo,Ranchería
83303,El Ranchito,Ranchería
83303,El Rancho,Ranchería
83303,El Realito,Hacienda
83303,El Recobeco,Ranchería
83303,El Resbaladero,Ranchería
83303,El Río,Ranchería
83303,El Rodeo,Ranchería
83303,El Sacrificio,Ejido
83303,El Sahuaro,Ranchería
83303,El Sauzaba,Ranchería
83303,El Seri,Ranchería
83303,El Tejabán,Ranchería
83303,El Temporal,Ranchería
83303,El Tren Grande,Ranchería
83303,El Zanjón,Ranchería
83303,Fernando Molina Lord,Ranchería
83303,Campestre la Colmena,Fraccionamiento
83303,Francisco Bustamante,Ranchería
83303,Fructuoso Méndez,Ranchería
83303,Guadalupe,Ranchería
83303,Guadalupe,Ejido
83303,San Juacico Bajo,Rancho
83303,Instituto de Tratamiento y Aplicación para Ad,Ranchería
83303,Jacinto López (La Galera),Ranchería
83303,Jesús Ramírez (El Alamito),Ranchería
83303,Jorge Camou,Ranchería
83303,Jorge Rosales,Ranchería
83303,Juan Barrera Navarro,Ranchería
83303,Juan Silvestre,Ranchería
83303,La Casita,Ranchería
83303,La Chicharra,Ranchería
83303,La Chinapita,Ranchería
83303,La Colmena (Pozo Cuatro) [Huerta],Ranchería
83303,La Coteña,Ranchería
83303,La Cuesta [Engorda],Ranchería
83303,La Esperanza (René Sicre),Ranchería
83303,La Galera,Ranchería
83303,La Laguna,Ranchería
83303,La Loma (La Lomita),Ranchería
83303,La Mosa (El Campo del Capi),Ranchería
83303,La Nopalera,Ejido
83303,La Palapa,Ranchería
83303,La Pomona,Ranchería
83303,La Postera,Ranchería
83303,La Pradera,Ranchería
83303,La Quinta,Ranchería
83303,La Reforma,Ranchería
83303,La Rinconada (Los Boris),Ranchería
83303,La Rosillita del Chino,Ranchería
83303,La Victoria,Ranchería
83303,La Victoria (La Crinolina) [Corrales],Ranchería
83303,Lágrimas Ranch,Ranchería
83303,Las Albercas [Campestre],Ranchería
83303,Las Cruces,Ranchería
83303,Las Milpas,Ranchería
83303,Las Praderas,Ranchería
83303,Las Zayas,Ranchería
83303,Latifundio San Jorge,Ranchería
83303,Leobardo Miranda,Ranchería
83303,Leopoldo Sánchez,Ranchería
83303,Lino Martínez,Ranchería
83303,Los Camichines [Agropecuaria],Ranchería
83303,Los Chinos,Ranchería
83303,Los Chirriones,Ranchería
83303,Los Dos Ríos,Ranchería
83303,Los Ingenieros,Ranchería
83303,Los Lareños (La Iguana),Ranchería
83303,Los Millán,Ranchería
83303,Los Nogales,Ranchería
83303,Los Nogales,Ejido
83303,Los Temporales,Ranchería
83303,Lotes Campestres CESUES,Ranchería
83303,Lux,Ranchería
83303,Madero,Ranchería
83303,Manuel Ávila Saavedra,Ranchería
83303,Marlén,Ranchería
83303,Misión de San José,Ranchería
83303,Norababi,Ranchería
83303,Parcela Janeth,Ranchería
83303,Porcícola Brival,Granja
83303,Porcícola San Armando,Ranchería
83303,Pozo de Toyos,Ranchería
83303,Pozo Nuevo,Ranchería
83303,Predio Guadalupe,Ranchería
83303,Ramón Morales Durazo (El Pipi),Ranchería
83303,Diana,Rancho
83303,López,Rancho
83303,Noriega,Rancho
83303,Real del Molinito [Campestre],Ranchería
83303,Río Sol,Ranchería
83303,Rosilla de Salazar,Ranchería
83303,Rubén Silva (El Alamito),Ranchería
83303,Sacramento,Ranchería
83303,Sacramento,Ejido
83303,San Agustín (El Toti),Ranchería
83303,San Alberto (Campo la Loma),Ranchería
83303,San Antonio,Ranchería
83303,San Antonio,Ejido
83303,San Bartolo,Colonia
83303,San Eduardo Dos,Ranchería
83303,San Eduardo Uno,Ranchería
83303,San Ernesto,Ranchería
83303,San Felipe,Ranchería
83303,San Fernando,Ranchería
83303,San Francisquito,Ejido
83303,San Gerónimo,Ranchería
83303,San Joaquín (Mayola),Ranchería
83303,San José,Ranchería
83303,San José,Ejido
83303,San Juan de los Pinos,Ranchería
83303,San Juan del Río,Ranchería
83303,San Juanico el Alto (La Victoria),Ranchería
83303,San Judas,Ranchería
83303,San Martín,Ranchería
83303,San Martín,Rancho
83303,San Nicolás,Ranchería
83303,San Rafael,Ranchería
83303,San Ramón,Ranchería
83303,San Salvador,Ranchería
83303,San Salvador,Ejido
83303,Santa Catalina,Ranchería
83303,Santa Cruz,Ranchería
83303,Santa Cruz,Ejido
83303,Santa Eduwiges,Ranchería
83303,Santa Elena,Ranchería
83303,Santa Emilia,Ranchería
83303,Santa Estela,Ranchería
83303,Santa Guadalupe,Ranchería
83303,Santa Laura,Ranchería
83303,Santa María (Ricardo Jaime),Ranchería
83303,Santa Martha,Ranchería
83303,Santa Patricia,Ranchería
83303,Santa Rosa,Ranchería
83303,Santa Teresita,Ranchería
83303,Sierra Grande Alimentos,Ranchería
83303,Sociedad Agrícola San Francisco de Batuc,Ranchería
83303,Tacupeto,Ranchería
83303,La Tezota,Ranchería
83303,Tierra Bonita [Campestre],Ranchería
83303,Tres Pueblos,Rancho
83303,UGRS,Ranchería
83303,Valle Verde,Ranchería
83303,Villa Lucía,Ranchería
83303,Viveros Guayacanes,Ranchería
83303,CFE Central Ciclo Combinado Hermosillo,Equipamiento
83304,El Tazajal,Ejido
83304,Gran Beroa Residencial,Fraccionamiento
83304,Desarrollo Industrial Victoria 5.5,Zona industrial
83304,Parque Industrial VINSA,Zona industrial
83304,Parque Industrial Lanix,Zona industrial
83304,La Victoria Almacenes,Colonia
83304,Rio Seco Residencial,Fraccionamiento
83304,Universidad del Valle de México,Equipamiento
83304,Block Carolina,Equipamiento
83304,Colegio Irlandés,Equipamiento
83304,Charro Granillo,Ranchería
83304,Isdamar,Ranchería
83304,Corrales San José,Ranchería
83304,El Crucero (Cuchilla la Pagasa),Ranchería
83304,El Ranchito (Alejandro Camou),Ranchería
83304,Las Riberas,Fraccionamiento
83304,Gimports de México,Zona comercial
83304,La Casona,Ranchería
83304,La Escondida (Víctor Leyva),Ranchería
83304,La Mesita de los Cardenales (Roberto Cruz T),Rancho
83304,La Victoria,Ejido
83304,La Victoria (Francisco Quiroga) [Establo],Ranchería
83304,Las Peñas,Ranchería
83304,Lázaro Peraza,Ranchería
83304,Los Juancitos,Ranchería
83304,Montecasino,Rancho
83304,Paloma Agroindustrial,Ranchería
83304,Plastimarmol,Ranchería
83304,Porcícola Dolores,Zona industrial
83304,Prefabricados de Concreto (PYPCO),Zona industrial
83304,Salvador Quijada Jiménez (SQTECH),Zona industrial
83304,Parque Industrial Luvira,Zona industrial
83304,San Qüilmas,Rancho
83304,Santa Margarita,Ejido
83304,Santa Rita,Ranchería
83304,Dinámica del Pacífico,Ranchería
83304,Taller Mecánico Diésel,Zona comercial
83305,San Pedro o el Saucito (San Pedro el Saucito),Pueblo
83305,El Chaparral,Fraccionamiento
83305,La Gravera,Ranchería
83306,El Albañil,Ranchería
83306,El Bajío (Bojórquez),Ranchería
83306,El Baluarte,Ranchería
83306,El Consuelo,Ranchería
83306,El Yuguito,Ranchería
83306,Ixpalia,Ranchería
83306,Kino,Ranchería
83306,Las Candelarias,Ranchería
83306,Las Norias,Ranchería
83306,Palos Grandes (El Mono),Ranchería
83306,Productos Congelados del Noroeste,Ranchería
83306,San Francisco,Ranchería
83306,San Isidro,Ranchería
83306,San Isidro,Ejido
83306,San Lorenzo,Ranchería
83306,San Marcos,Ranchería
83306,Tierra Blanca,Ranchería
83306,TM Winco,Ranchería
83307,El Represito,Ranchería
83307,Ganadera Gapa,Ranchería
83307,Los Ángeles,Hacienda
83307,Los Chinos,Ranchería
83307,Proveedora de Insumos Mineros SA,Ranchería
83310,Las Víboras,Rancho
83310,La Yesca,Ejido
83310,Cerro de la Virgen,Ranchería
83310,Club de Caza Tirocapes,Ranchería
83310,Club de Tiro y Caza Mazocahui,Ranchería
83310,Distribuciones Kino,Ranchería
83310,El Bola,Ranchería
83310,El Real del Catorce,Fraccionamiento
83310,El Represito del Padre,Ranchería
83310,El Represo,Ranchería
83310,Equipos y Explosivos de Sonora,Equipamiento
83310,Ganadera Contreras,Ranchería
83310,Campestre el Mezquite,Ranchería
83310,Campestre la Yesca,Ejido
83310,La Fortuna,Rancho
83310,La Loma,Ranchería
83310,La Valenciana Dos,Ranchería
83310,Las Bebelamas,Ranchería
83310,Las Tres Marías,Ranchería
83310,Las Víboras,Ranchería
83310,Los Pinos (Adolfo López Mateos),Colonia
83310,Los Talayotes,Ranchería
83310,Manuel Sánchez,Ranchería
83310,Milpa Baja,Ranchería
83310,Pitic Explosivos,Ranchería
83310,San Antonio (La Loma),Ranchería
83310,San Juan,Ranchería
83310,Santa Cecilia (La Escondida),Ranchería
83310,Santa Eduwiges,Ranchería
83313,Benito Juárez (Sección Tres),Ranchería
83313,Benito Juárez (Sector Cinco),Ranchería
83313,Cruz Gálvez (El Caporal),Ejido
83313,El Bajío,Ranchería
83313,El Orégano,Ranchería
83313,El Pilar,Ranchería
83313,El Pozo,Ranchería
83313,La Genoveva,Ranchería
83313,La Herradura,Ranchería
83313,La Mina (Retiros Espirituales),Ranchería
83313,La Miura,Ranchería
83313,La Palma,Ranchería
83313,La Palma,Ranchería
83313,La Pimienta,Ranchería
83313,La Pintada,Ranchería
83313,La Pintada,Ejido
83313,La Pintada [Restaurante],Equipamiento
83313,La Poza,Ranchería
83313,La Poza (Bloquera),Ranchería
83313,Las Empanadas,Ranchería
83313,Las Teresitas (1333),Ranchería
83313,Los Pocitos,Ranchería
83313,Rincón de Guadalupe las Avispas,Ranchería
83313,San Alberto,Ranchería
83313,San Francisco,Ranchería
83313,San Isidro,Ranchería
83313,San Luis,Ranchería
83313,San Pablo,Ranchería
83313,Santa Cruz Uno,Ranchería
83313,Santa Eduwiges,Ranchería
83314,El Chaparral,Ranchería
83314,El Desengaño,Ranchería
83314,La Infamia,Ranchería
83314,San Martín (Cajón del Diablo),Ranchería
83314,Santa Margarita,Ranchería
83315,Buenavista,Ranchería
83315,Crucero (Cuatro y Veintiséis),Ranchería
83315,El Álamo,Ranchería
83315,El Apache,Ranchería
83315,El Barcelonet,Ranchería
83315,El Carrizo,Ranchería
83315,El Chamizal,Ranchería
83315,El Cholay (Santa María),Ranchería
83315,El Consejo,Ranchería
83315,El Diamante,Ranchería
83315,El Diamante Dos,Ranchería
83315,El Diamante Tres,Ranchería
83315,El Gramal,Ranchería
83315,El Huarache,Ranchería
83315,El Machete,Ranchería
83315,El Mayo,Ranchería
83315,El Quetzal (El Cholay),Ranchería
83315,El Tepachi,Ranchería
83315,El Tesal,Ranchería
83315,El Tucson,Ranchería
83315,El Yucateco 6,Ranchería
83315,El Yucateco Uno,Ranchería
83315,La Aurora,Ranchería
83315,La Cuichi (Pelícano),Rancho
83315,La Estrella,Ranchería
83315,La Gaviota,Ranchería
83315,La Sierrita,Ranchería
83315,Las Carretas,Ranchería
83315,Las Vírgenes Cinco,Ranchería
83315,Las Vírgenes Número Uno,Ranchería
83315,Las Vírgenes Tres,Ranchería
83315,Los Cuatitos (Siberia Tres),Ranchería
83315,Los Huicos,Ranchería
83315,Los Pericos (El Cholay),Ranchería
83315,Pierson (Las Vírgenes Dos),Ranchería
83315,San Pascual,Rancho
83315,Mechudo [San Agustín],Ranchería
83315,San Alfredo,Ranchería
83315,San Francisco,Ranchería
83315,San Juan (Campo Nuevo),Rancho
83315,San Juanico,Ejido
83315,San Ramón,Ranchería
83315,Santa Carmen,Ranchería
83315,Santa Isabel,Ranchería
83315,Santo Niño,Rancho
83315,Siberia Dos,Ranchería
83315,Siberia Uno,Ranchería
83315,Tetabiate (Las Vírgenes Seis),Ranchería
83316,El Choyudo (Los Japoneses),Colonia
83316,El Colorado,Ejido
83316,Tastiota,Rancho
83316,Acuícola Tastiota,Granja
83316,Genitch,Granja
83316,Crucero Doce y Veintiséis,Ranchería
83316,El Gato,Ranchería
83316,Licenciado Ignacio Ramírez y su anexo San Pedro,Ranchería
83316,El Pedernal Tres,Ranchería
83316,El Retiro,Ranchería
83316,Floresta,Ranchería
83316,El Sagrado (La Victoria),Ranchería
83316,San Carlitos,Rancho
83316,Guadalupe de Jesús,Ranchería
83316,San Fernando,Ranchería
83316,La Chacra,Ranchería
83316,La Chueca,Ranchería
83316,Larvas Génesis,Ranchería
83316,Las Cadenas,Ranchería
83316,Las Conchas (Tortillería),Equipamiento
83316,Los Corralitos,Ranchería
83316,María Belem,Ranchería
83316,Nuevo Suaqui,Ranchería
83316,Puerto Arturo,Ranchería
83316,Santa Rosa,Rancho
83316,San Agustín,Granja
83316,San Carlos,Ranchería
83316,San Carlos (El Pocito),Rancho
83316,San Francisco (El Sahuaral),Ranchería
83316,San Gerardo,Ranchería
83316,San Joel,Ranchería
83316,San Miguel,Ranchería
83317,Plan de Ayala,Ranchería
83317,20 de Noviembre,Ranchería
83317,20 Noviembre Cuatro,Ranchería
83317,Aqua Nova,Granja
83317,Acuícola Polo,Granja
83317,Acuícola Selecta,Granja
83317,Dios Está Contigo (DEC los Pinos),Granja
83317,El Cardonal,Ejido
83317,El Cinco (El Refugio),Ranchería
83317,Francisco I Madero,Ranchería
83317,La Capilla,Ranchería
83317,Acuícola Genitech,Granja
83317,La Reforma,Ranchería
83317,Miguel Alemán (Santa Cruz),Ranchería
83317,Sahuímero,Ranchería
83317,San Alfonso,Ranchería
83317,San Carlos (Empaque San Carlos),Ranchería
83317,San Juan,Ranchería
83317,San Rafael,Ranchería
83317,Viva México,Ranchería
83320,El Agachado,Ranchería
83320,El Arenoso,Ranchería
83320,El Agachado,Ejido
83320,El Gameño,Ranchería
83320,El Mauto,Ranchería
83320,El Papalote,Ranchería
83320,La Aurora,Ejido
83320,La Pitahaya,Ranchería
83320,Los Palos Rosados,Ranchería
83320,Los Talayotes,Ranchería
83320,San Antonio,Ranchería
83320,San Blas,Ranchería
83320,San Diego,Ranchería
83323,La Franja,Colonia
83323,Nueva Europa,Colonia
83323,La Paloma VIP,Fraccionamiento
83323,Agropecuaria Jam,Granja
83323,Agroquímicos JAM,Ejido
83323,Agropecuaria Punta Baja (Casa Blanca),Granja
83323,Hipódromo de Hermosillo,Equipamiento
83323,Grupo Industrial Bujanda,Ranchería
83323,Campo el Águila,Granja
83323,Chico Parra,Ranchería
83323,Corrales San Juanero,Colonia
83323,Cuadra las Quintas,Ranchería
83323,Cuadra las Quintas,Rancho
83323,Cuadra Tecoripa,Ejido
83323,Departamento de Agricultura y Ganadería,Equipamiento
83323,El Arenal,Ranchería
83323,El Cincuenta,Ranchería
83323,El Latifundio,Ranchería
83323,El Pegoste,Ranchería
83323,El Potrero,Ranchería
83323,Establo Dolisa,Ranchería
83323,Europa Número Dos,Ejido
83323,Santa Raquel,Granja
83323,Jardines del Paraíso,Ranchería
83323,Jauri,Ranchería
83323,La Bachata,Ranchería
83323,La Gallinita,Granja
83323,La Milpita,Ranchería
83323,La Mora,Ranchería
83323,La Peaña,Ejido
83323,La Valenciana (La Peaña),Ranchería
83323,La Valenciana Uno [Huerta],Ranchería
83323,Las Palmas [Viñedo],Ranchería
83323,Las Palomas,Ranchería
83323,Las Tomasas,Ranchería
83323,Lázaro,Ranchería
83323,Los Cochitos (Los Cochitos UNISON),Ranchería
83323,El Europa,Granja
83323,Lupe Romero,Ranchería
83323,Mada,Ranchería
83323,Ana Alicia Romero,Ranchería
83323,Gilberto Durazo Gaxiola,Ranchería
83323,Montana,Ranchería
83323,Montero,Ranchería
83323,Pancho Estrada,Ranchería
83323,Porcícola Yaco,Ranchería
83323,Ranchetes Santa Lucía,Ranchería
83323,San Eduardo (La Isla),Ranchería
83323,San Fernando,Ranchería
83323,San José de las Palmas,Ranchería
83323,San Juanero,Ranchería
83323,Santa María del Bajo (Seminario),Ranchería
83323,Siete Cerros,Granja
83323,Tepeyac,Ranchería
83323,Tomás Valencia,Ranchería
83323,Trini Pesqueira,Ranchería
83323,Viñedos Dolisa,Ranchería
83324,Santa Teresa,Ranchería
83324,El Fundador,Rancho
83324,San Luis,Ejido
83324,AMSA (TIASA),Ranchería
83324,Bervano,Ranchería
83324,Campo Santa Teresita,Ranchería
83324,Campo el Grande,Equipamiento
83324,Campo Grande Número Dos,Ranchería
83324,Carlota Amalia,Ranchería
83324,Desarrollo,Ranchería
83324,Dos Triángulos,Granja
83324,Nuevo San Miguel,Ejido
83324,El Apenitas,Ranchería
83324,El Bajío,Rancho
83324,El Cerro,Ranchería
83324,El Gatal,Ranchería
83324,El Guamuchilar (Centrito),Rancho
83324,El Jabalí,Ranchería
83324,El Lucero,Ranchería
83324,El Mariachi,Ranchería
83324,El Milagro,Ranchería
83324,El Muertito,Ranchería
83324,El Nuevo Tejabán,Ranchería
83324,El Piave,Rancho
83324,El Pocito,Ranchería
83324,El Porvenir,Ranchería
83324,El Refugio,Ranchería
83324,El Sacrificio,Ranchería
83324,El Tecolote,Ranchería
83324,El Tejabán (Ignacio Careaga),Ranchería
83324,El Tojungo Dos,Ranchería
83324,El Tojungo Sur,Ranchería
83324,Janneth,Ranchería
83324,La Base (Los Hoyos),Ranchería
83324,La Brea,Rancho
83324,La Breita (Santa Amelia),Rancho
83324,La Bura,Ranchería
83324,La Chineña,Ranchería
83324,La Esperanza,Ranchería
83324,La Estación Dessens,Ranchería
83324,La Garita,Ranchería
83324,La Habana [Establo],Rancho
83324,La Habana [Porcícola y Avícola],Granja
83324,La Habana Número Dos,Ejido
83324,La Habana Número Uno,Ranchería
83324,La Habana Tres,Ejido
83324,La Paloma,Ejido
83324,La Paloma,Ranchería
83324,La Polka,Ranchería
83324,La Primavera,Ranchería
83324,La Puntada,Ranchería
83324,La Tinajita,Ranchería
83324,Las Abejas,Ranchería
83324,Loma Prieta,Ranchería
83324,Loma Prieta,Ranchería
83324,Los Alamitos,Ranchería
83324,Los Dos Hermanos,Ranchería
83324,Los Mexicanos,Ranchería
83324,Los Pocitos,Ranchería
83324,Monserrat 2,Ranchería
83324,Montserrat,Ranchería
83324,NCPE Ignacio Zaragoza (El Chicotazo),Ejido
83324,Niños Heroés,Ranchería
83324,Nuevo Guadalupe de Jesús (San Blas),Ranchería
83324,Padre Kino [Agrícola],Ranchería
83324,Palo Verde,Ranchería
83324,Pénjamo,Ranchería
83324,Pinos Altos (Santa Bertha),Ranchería
83324,Plutarco Elías Calles,Ranchería
83324,De Rendón,Rancho
83324,Sacramento,Rancho
83324,Salvador Alvarado,Ejido
83324,San Alfredo,Ranchería
83324,San Benito,Ranchería
83324,San Francisco,Ejido
83324,San Francisco,Ranchería
83324,San Jorge,Ranchería
83324,San José,Ranchería
83324,San Juan,Ranchería
83324,San Marcos,Ranchería
83324,San Martín,Ranchería
83324,San Miguel,Ranchería
83324,San Pascual,Ranchería
83324,San Pedro,Ranchería
83324,San Valentín (El Pozo),Ranchería
83324,Santa Amelia,Rancho
83324,Santa Aurelia,Ranchería
83324,Santa Daniela (Santa Cecilia),Granja
83324,Santa Elena,Ranchería
83324,Santa Emilia,Ranchería
83324,Santa Inés,Ranchería
83324,Santa Laura,Ranchería
83324,Santa María,Rancho
83324,Santa Rita,Ranchería
83324,Santa Teresa la Concordia (El Copechi),Ranchería
83324,Siete Cerros (Cero Norte),Ranchería
83324,Taliamento,Ranchería
83324,Tejabán de Soto,Ranchería
83324,Veintitrés de Octubre (La Biznaga),Ranchería
83324,Vinícola Pitic,Ranchería
83324,Viñedo Proyecto Vid (El Buelna),Ranchería
83325,CEFERESO 11 CPS Sonora,Equipamiento
83325,Parque Industrial NEPO,Zona industrial
83325,Pueblo Dorado,Fraccionamiento
83325,Centro de Readaptación Social Dos,Equipamiento
83325,Alejandro Carrillo Marcor,Ejido
83325,Piamonte,Ranchería
83325,Aquiles Serdán (Santa Inés),Granja
83325,Club Deportivo Hermosillense,Ranchería
83325,Corocis (Fumicus),Ranchería
83325,Don Luis,Rancho
83325,Viñas de la Costa (El Chamizal),Ranchería
83325,El Jacalito,Ranchería
83325,El Mezquital del Oro (El Águila),Ranchería
83325,El Socorro,Ranchería
83325,Guadalupe,Ranchería
83325,Hacienda los Tesoros,Fraccionamiento
83325,Hema-Novina,Ranchería
83325,Jacalito (Kilómetro Cuarenta y Ocho),Ranchería
83325,Kilómetro Cuarenta y Cuatro,Ranchería
83325,La Cercada,Ranchería
83325,Los Copales,Ranchería
83325,Los Pocitos,Ranchería
83325,Montecarlo,Ranchería
83325,Monterrey,Ranchería
83325,El Rey,Ranchería
83325,Pilford,Ranchería
83325,Pilforito,Ejido
83325,Morgán,Rancho
83325,San Antonio Rendón,Ranchería
83325,San Antonio Escalante (AGROPREMIER),Ranchería
83325,San Carlos,Ranchería
83325,San Javier,Granja
83325,Santa Amelia,Ranchería
83325,Santa Carmela,Ranchería
83325,Santa Lucía,Ranchería
83325,Santa Martha,Ranchería
83325,Campo Don Roberto,Ranchería
83326,Buenavista,Ranchería
83326,Durango,Ranchería
83326,El Beduino,Ranchería
83326,El Puerto,Ranchería
83326,San José,Ranchería
83326,San Martín,Ranchería
83327,Agua Blanca,Ranchería
83327,El Bajío,Ranchería
83327,El Chilicote,Ranchería
83327,El Chino,Ranchería
83327,El Represo,Ranchería
83327,El Socorro,Ranchería
83327,La Caridad,Rancho
83327,La Coruba,Ranchería
83327,La Pitahaya,Ranchería
83327,La Sierrita de López,Ranchería
83327,La Verde,Ranchería
83327,Lista Blanca,Ranchería
83327,Piedras Negras,Ranchería
83327,Placeritos,Ranchería
83327,Grande,Rancho
83327,San Fernando,Ranchería
83327,San Juanico,Ranchería
83327,San Judas Tadeo,Ranchería
83327,San Miguel,Ranchería
83327,San Ramón,Ranchería
83330,Santa Rosita,Ejido
83330,Bella Vista (El Toro),Ranchería
83330,El Chalate,Ranchería
83330,El Chalate,Granja
83330,El Chipilón,Ranchería
83330,El Gran Chaparral II,Ranchería
83330,El Pañuelito,Granja
83330,Guerrero,Ranchería
83330,Juan Luis,Ranchería
83330,Juan Luis Uno,Ranchería
83330,Kilómetro Treinta y Seis (El Porvenir),Ranchería
83330,La Casona,Ranchería
83330,La Orejana,Ranchería
83330,Los Pañuelos,Ranchería
83330,Santo Niño,Rancho
83330,San Antonio,Ranchería
83330,San Fernando,Ranchería
83330,San Francisco,Ranchería
83330,San Francisco,Ejido
83330,San José,Ranchería
83330,San Roberto,Ranchería
83330,Santa Lucía,Ranchería
83330,Viñedo Campo Nuevo,Ranchería
83333,El Triunfo,Ejido
83333,San Miguel,Rancho
83333,Santa Elena,Ejido
83333,Suaqui de la Candelaria,Ejido
83333,Agrícola Doña Lola (Las Playitas),Granja
83333,Agrícola Oremor (Santa Patricia),Granja
83333,Agrobal 6,Ranchería
83333,Agroindustrial de Sonora,Granja
83333,Agroval Dos (Santa Martha Dos),Granja
83333,Alejandría Dos,Ranchería
83333,Alejandría Uno,Granja
83333,Basopa,Ranchería
83333,Campo Dulce (El Sahueso),Granja
83333,Campo Laura,Ranchería
83333,Campo Nuevo,Ranchería
83333,Campo San Luis,Ranchería
83333,Casas Grandes Dos (Pozo Número Dos),Ranchería
83333,Covadonga,Rancho
83333,Desarrollo (Pericos Dos),Ranchería
83333,Campo Dolores,Granja
83333,Don Enrique,Ejido
83333,Don Enrique,Granja
83333,El Azahar,Ranchería
83333,El Batepi,Ranchería
83333,El Bienestar,Ranchería
83333,El Caculla,Ranchería
83333,El Caculla,Ranchería
83333,El Caculla,Granja
83333,El Crucero (Cero Norte),Ejido
83333,El Gorriño,Ranchería
83333,El Guayparín (San Carlos),Ejido
83333,El Japonés,Ranchería
83333,El Magali,Ranchería
83333,El Manudo,Ranchería
83333,El Mohino,Ranchería
83333,El Pocito,Ranchería
83333,El Pocito (Orebalma),Ejido
83333,El Porvenir,Ejido
83333,El Rosario,Rancho
83333,El Tatay (Santa Martha),Ranchería
83333,El Tobozal (El Infiernito),Ranchería
83333,El Tope,Ranchería
83333,El Triunfo,Ranchería
83333,Empaque María del Carmen,Equipamiento
83333,Empaque San Enrique,Equipamiento
83333,Hermanos Serdán,Ranchería
83333,Jesús García (La Pozura),Ranchería
83333,José María Morelos y Pavón,Ranchería
83333,La Choya,Ranchería
83333,La Escondida,Ranchería
83333,La Garulla,Ranchería
83333,La Horqueta,Ranchería
83333,La Máquina,Ranchería
83333,La Misión,Ranchería
83333,La Mocha (Padre Kino),Rancho
83333,La Morena Dos,Ranchería
83333,La Navidad,Ranchería
83333,Agropecuaria Sonorense,Ranchería
83333,La Ventanita,Granja
83333,La Yuta,Ranchería
83333,Las 3 B,Ranchería
83333,Los Arroyos,Rancho
83333,Los Arroyos,Ejido
83333,Los Cuatro (Palermo),Ranchería
83333,Los Morales,Ranchería
83333,El Pozo,Ranchería
83333,Campo Luisa,Ranchería
83333,Manuel Ávila Camacho,Ejido
83333,María del Carmen,Rancho
83333,San Jorge,Granja
83333,Navolato,Ranchería
83333,El Olivar,Ranchería
83333,Perico Uno,Ejido
83333,Real de los Ojos Negros (Tláloc),Ranchería
83333,Río Escondido,Ranchería
83333,Río Sonora,Ranchería
83333,Rosario Perlette,Rancho
83333,San Alberto,Ranchería
83333,San Alfonso,Rancho
83333,San Arturo,Granja
83333,San Carlitos,Ranchería
83333,San Carlos,Ranchería
83333,San Enrique,Rancho
83333,San Enrique (El Suspiro),Ranchería
83333,San Fernando,Ranchería
83333,San Fernando,Ejido
83333,San Gustavo,Ranchería
83333,San José (San José de Mazón),Ranchería
83333,San Leonardo,Granja
83333,San Marcos,Ranchería
83333,San Ramón,Granja
83333,Santa Ana,Ranchería
83333,Santa Ana,Ejido
83333,Santa Cecilia,Ranchería
83333,Santa Inés Dos (Casa Grande),Ranchería
83333,Santa Inés Dos (Los Pinitos),Granja
83333,Santa Inés Dos (Pozo Nuevo),Ranchería
83333,Santa Martha (Agroval Tres),Ranchería
83333,Santa Martha Cuatro (Agroval Cuatro),Granja
83333,Santa Martha Uno (El Molino),Granja
83333,Santo Niño (Casas Grandes),Granja
83333,Agroquímico JAM,Ranchería
83333,Terranova,Ranchería
83333,Terranova,Ejido
83333,Veintiocho Norte la Báscula Overalma Dos,Ranchería
83333,Vicente Guerrero,Ranchería
83333,Viñedo la Costa,Granja
83333,Viñedo la Esperanza,Ranchería
83334,La Peaña Nueva,Ejido
83334,Santa Rosalía,Ranchería
83334,Buenos Aires,Ranchería
83334,El Dorado,Ranchería
83334,Santa Elvira,Rancho
83334,Parque Solar,Zona industrial
83334,El Sapo,Ejido
83334,Agropecuaria Rosa,Granja
83334,Agroval Cinco (Santa Martha),Granja
83334,Compa Dos,Ranchería
83334,América,Ranchería
83334,Antonio Narro (El Perico),Rancho
83334,Barlovento,Rancho
83334,Basano (Santa Lourdes),Ranchería
83334,Benito Juárez,Ranchería
83334,Benito Juárez,Ejido
83334,Calle Trece,Ranchería
83334,Campillo (Santa Rosalía),Ranchería
83334,Campo Grande (Viñedos Alta),Rancho
83334,Campo Nuevo,Ranchería
83334,Campo Nuevo (El Capitán),Ranchería
83334,Carmen Dolores,Ranchería
83334,Carolina,Ranchería
83334,Casa Blanca,Ranchería
83334,Compa Uno,Granja
83334,Chapacolor,Ranchería
83334,CIANO,Ranchería
83334,Costa del Sol,Ranchería
83334,Costa Rica,Ejido
83334,Cristóbal Colón,Ranchería
83334,Cumis (Santa Lucía),Ejido
83334,Del Carmen (Las Islas),Ranchería
83334,Dolores,Ranchería
83334,El Bura,Ranchería
83334,El Carmen,Ranchería
83334,El Carrizo (San Isidro),Ranchería
83334,El Chamizal (Salsipuedes),Ranchería
83334,San Isidro,Ranchería
83334,El Dieciséis,Ranchería
83334,El Divisadero,Ranchería
83334,El Guayabito,Ranchería
83334,El Mezquite,Ranchería
83334,El Milagro,Ranchería
83334,El Molino,Ranchería
83334,El Nainari,Ranchería
83334,El Palomar,Ranchería
83334,El Pinito,Ranchería
83334,El Porvenir,Ranchería
83334,El Rojo (El 57),Ranchería
83334,El Sonot,Ranchería
83334,El Tecolote,Ranchería
83334,El Tejabán,Ranchería
83334,El Veinte (La Peaña),Ranchería
83334,Escuadrón Doscientos Uno,Ranchería
83334,Florida Dos,Ranchería
83334,Florida Tres,Rancho
83334,Maya,Ranchería
83334,San Fernando (Norson),Granja
83334,Hércules Uno,Rancho
83334,Hermosillo,Rancho
83334,María Amparo [Agrícola],Ranchería
83334,Jacinto López,Ranchería
83334,Jauja,Ranchería
83334,Kowi (Santa Isabel),Ranchería
83334,La Atlántida,Ranchería
83334,Don Miguel (Florida),Ranchería
83334,La Casita,Ranchería
83334,La Chira,Ranchería
83334,La Esperanza,Rancho
83334,La India,Ranchería
83334,La Inmaculada,Ranchería
83334,La Joya,Granja
83334,La Laguna (Seis de Marzo),Ranchería
83334,La Paloma,Ranchería
83334,La Perseverancia (Los Fumicos),Ranchería
83334,La Ponderosa,Ranchería
83334,La Ponderosa [Porcicola],Granja
83334,La Providencia,Ranchería
83334,La Trácala,Rancho
83334,La Yaqui,Ranchería
83334,Bazano,Ranchería
83334,Los Álamos,Ranchería
83334,Los Ángeles,Ranchería
83334,Los Cuates,Ranchería
83334,Los Dos Amigos (Las Calvas de Arriba),Granja
83334,Los Guajolotes,Ranchería
83334,Los Hoyos,Ranchería
83334,Los Jitos (El Zancudo),Ranchería
83334,Los Olivos (Olivos),Ranchería
83334,Los Pavos (La Esperanza),Ranchería
83334,Los Pocitos,Ranchería
83334,Los Pocitos,Ejido
83334,Masocoba,Ranchería
83334,Miguel Hidalgo,Ranchería
83334,Miguel Lerdo de Tejada (Valparaíso),Ranchería
83334,Milagro de Fátima,Granja
83334,Nápoles,Ranchería
83334,Nazaret (La Ponderosa),Rancho
83334,Nazario Ortiz Garza (Lourdes),Ranchería
83334,Nigromante,Ranchería
83334,Orebalma,Rancho
83334,El Eléctrico [Campo],Ranchería
83334,Poza Rica,Ranchería
83334,Pozo Nuevo,Ranchería
83334,Puerto Rico,Ranchería
83334,Río Blanco,Rancho
83334,Rosella,Ranchería
83334,Sahuaripa Uno,Ranchería
83334,San Alberto,Ranchería
83334,San Alberto,Ejido
83334,San Alberto (La 31 de Octubre),Rancho
83334,San Bartolo,Ranchería
83334,San Felipe,Granja
83334,San Fernando,Ranchería
83334,San Fernando (Nuevo Guadalupe),Ranchería
83334,San Francisco,Ejido
83334,San Francisco,Ranchería
83334,San Germán,Ranchería
83334,San Herminio (Los Ángeles),Ranchería
83334,San Isidro Uno,Ranchería
83334,San Joaquín (Santa María),Ranchería
83334,San Jorge,Granja
83334,San Jorge (Hércules),Ranchería
83334,San José,Ejido
83334,San José,Rancho
83334,San José el Retiro,Ranchería
83334,San Luis,Ranchería
83334,San Marcos,Ranchería
83334,San Martín,Ranchería
83334,San Martín,Ejido
83334,San Ramón,Ranchería
83334,San Sebastián,Ranchería
83334,San Valentín,Rancho
83334,San Vicente,Ranchería
83334,Santa Anita,Granja
83334,Santa Cruz,Ranchería
83334,Santa Emilia,Ranchería
83334,Santa Fe,Rancho
83334,Santa Josefina,Ranchería
83334,Santa Paulina [Agrícola],Ranchería
83334,Santa Margarita,Ranchería
83334,Santa María (La Treinta y Uno de Octubre),Ranchería
83334,Santa Mónica,Rancho
83334,Santa Patricia,Ejido
83334,Santa Susana (Chorona),Ranchería
83334,Santa Zarina,Granja
83334,Santander,Ranchería
83334,Santo Niño,Ranchería
83334,Sonora Hortalizas y Frutales,Ranchería
83334,Sonora Sinaloa,Ranchería
83334,Tehuacán,Ranchería
83334,Tepeyac,Ranchería
83334,TEQSA (Las Polleras),Ranchería
83334,Terrenate,Ranchería
83334,Todos Santos,Ranchería
83334,Unión de Crédito Agrícola de Hermosillo,Rancho
83334,Venecia,Ranchería
83334,Villa Luz (El Pocito),Rancho
83335,El Abanico (Santa Lucía),Ejido
83335,Basopa (San Alfonso),Ranchería
83335,Carlos Zapata Vela,Ranchería
83335,Centro de Educación y Capacitación el Estero,Equipamiento
83335,Cócorit Uno,Ranchería
83335,El Paraíso,Colonia
83335,Jacquelynn,Condominio
83335,Paraíso,Condominio
83335,Coorit,Ranchería
83335,Cuauhtémoc,Ranchería
83335,DICTUS,Ranchería
83335,El Crucero (La Treinta y Seis Sur),Ranchería
83335,El Futuro,Rancho
83335,Estero Santa Cruz,Ranchería
83335,Felizardo Castro,Ranchería
83335,Francisco Eusebio Kino (Colonia Kino),Ranchería
83335,La Bonita,Ranchería
83335,La Palma del Agro,Ranchería
83335,La Salinera,Ranchería
83335,Las Jaibas,Ranchería
83335,María del Carmen,Ranchería
83335,Nochitongo,Ranchería
83335,Maximiliano R López,Ranchería
83335,Miguel Alemán (El Tres),Ranchería
83335,Mineros de Pilares,Colonia
83335,Moctezuma,Ranchería
83335,Monterrey,Ranchería
83335,Narciso Mendoza,Ranchería
83335,Porcícola Cuauhtémoc,Ranchería
83335,Pozo Loco,Ranchería
83335,Cuatro (Lázaro Cárdenas),Rancho
83335,San Francisco,Ranchería
83335,San Ignacio,Ranchería
83335,San Isidro (Obregón),Rancho
83335,San Juan (Campo Dos),Ranchería
83335,San Juan y el Pinito,Ranchería
83335,San Nicolás,Ranchería
83335,San Nicolás (San Nicolás de Kino),Rancho
83335,San Rafael,Ranchería
83335,Santa Silvia,Ranchería
83335,Uruapan (Bomba Negra),Ranchería
83336,Playa Dorada,Fraccionamiento
83336,El Progreso,Granja
83336,Año Nuevo,Ranchería
83336,California,Ranchería
83336,Nuevo Yaquis Desterrados,Ranchería
83336,Dunas de Kino,Ranchería
83336,Francisco Aispuro (El Apache),Ejido
83336,El Cactus,Equipamiento
83336,El Centavito,Ranchería
83336,El Chapo,Ranchería
83336,El Chivimbo,Ranchería
83336,El Electrón,Ranchería
83336,El Palacio de Wayne,Ranchería
83336,El Ranchito,Ranchería
83336,El Sahueso,Ranchería
83336,El Sergio,Ranchería
83336,El Taconazo,Ranchería
83336,Guadalupe,Ranchería
83336,Joyas de Kino,Ranchería
83336,Kilowatt,Ranchería
83336,La Florida,Ranchería
83336,La Palma,Ranchería
83336,Los Aguilera,Ranchería
83336,Los Ángeles,Ranchería
83336,Los Janos Dos,Ranchería
83336,Los Janos Uno,Ranchería
83336,Nueva York,Ranchería
83336,Oasis de Kino,Ranchería
83336,Oviáchic,Ranchería
83336,Palma Sola,Ranchería
83336,Perlas de Kino,Ranchería
83336,Pozo de Fátima (Fátima del Pitic),Ranchería
83336,Nuevo,Rancho
83336,San Germán,Ranchería
83336,Roca Roja,Rancho
83336,Salicornia (Campito),Ranchería
83336,San Antonio,Ranchería
83336,San Diego,Ranchería
83336,San Fernando (Abigahil),Ranchería
83336,Santa Cruz,Ranchería
83336,Santa Elena,Ranchería
83336,Santa Rosa,Ranchería
83337,Punta Chueca,Ejido
83337,El Cimarrón,Ranchería
83337,El Egipto,Ranchería
83337,El Puerto de Posada,Ranchería
83337,El Sacrificio (Televisa),Ranchería
83337,La Ponderosa (Los Buros),Ranchería
83337,Los Compadres (Cinco Locos),Ranchería
83337,San Miguel,Ranchería
83337,Santa Margarita (El Chaparral),Ranchería
83338,Punta Tormenta (Isla del Tiburón),Ranchería
83338,Tecomate (Isla del Tiburón),Ranchería
83340,Bahía de Kino Centro,Colonia
83342,Carnavalito,Colonia
83342,Artesanos,Colonia
83342,De la Cruz,Colonia
83342,Las Fuentes,Colonia
83342,Lázaro Cárdenas,Colonia
83342,Miguel Hidalgo,Colonia
83343,Kino Nuevo,Fraccionamiento
83343,Alcatraz,Colonia
83343,Mediterráneo,Colonia
83343,Kino Bay Estates,Fraccionamiento
83343,Vistas Reserva Residencial,Fraccionamiento
83343,Río Azul Kino Nuevo,Fraccionamiento
83343,Playas de Kino,Fraccionamiento
83343,Ananda,Condominio
83343,Primavera,Colonia
83343,Lomas de Kino,Colonia
83343,Luis Donaldo Colosio,Colonia
83344,Miguel Alemán (La Doce) Centro,Colonia
83346,Las Villas del Nogal,Fraccionamiento
83346,Aguayo Porchas,Colonia
83346,Pueblo Unido,Colonia
83347,INFONAVIT,Colonia
83347,Jesús García,Colonia
83347,26 de Octubre,Colonia
83347,Luis Donaldo Colosio,Colonia
83347,Las Palmitas,Ranchería
83347,Guadalupe Victoria,Colonia
83347,Las Granjas,Colonia
83347,Manuel J Clouthier,Colonia
83347,Residencial la Vendimia,Fraccionamiento
83348,Antonio Méndez,Colonia
83348,Las Palmas,Colonia
83348,Lázaro Cárdenas,Colonia
83348,Salvador Alvarado,Colonia
83349,Emiliano Zapata,Colonia
83349,Insurgentes,Colonia
83349,Nuevo Triunfo,Colonia
83349,Nueva Esperanza,Colonia
83350,La Polka,Ranchería
83350,Chico Román,Ranchería
83350,La Inés,Ranchería
83350,Pozo Nuevo (Rancho Nuevo),Rancho
83350,San Marcial,Ranchería
83350,Santa Eduwiges (Radio),Ranchería
83350,Santa Inés Uno (El Capitán),Granja
83350,Tomuco,Ranchería
83353,Agua Caliente,Ranchería
83353,El Gavilán,Ranchería
83353,Cerro Prieto,Ranchería
83353,Coronado,Ranchería
83353,Cuatro de Octubre,Ranchería
83353,El Chaparral,Ranchería
83353,El Jojobal,Granja
83353,La Hediondilla,Ranchería
83353,La Reforma,Ranchería
83353,Las Bolsas,Ranchería
83353,Las Liebres,Ranchería
83353,Nuevo,Rancho
83353,San Agustín,Ranchería
83353,San Juan,Ranchería
83353,San Luis,Ranchería
83353,Santa Gertrudiz,Ranchería
83353,Sayula,Ranchería
83354,La Esperanza,Ranchería
83354,El Voltiadero,Ranchería
83354,La Cana,Ranchería
83354,La Vaca Colorada,Ranchería
83354,Las Cuevitas,Ranchería
83354,Las Cuevitas,Ejido
83354,Los Compadres,Ranchería
83354,Monte Alto,Ranchería
83354,Nuevo,Rancho
83354,San Javier,Ranchería
83354,San Juan,Ranchería
83354,Santa Elena,Ranchería
83354,Tres Pechos,Ranchería
83356,El Salto,Ranchería
83356,El Zacatón,Ejido
83356,Guadalupe,Ranchería
83356,La Esperanza,Ranchería
83356,Las Glorias,Ranchería
83356,Pozo del Negro,Rancho
83356,Pozo del Negro Dos,Ranchería
83356,San Carlos,Ranchería
83356,San Isidro Dos,Ranchería
83356,San Jorge,Ranchería
83356,San Patricio,Ranchería
83357,Chapala (El Pocito),Ranchería
83357,Chaveco,Ranchería
83357,El Carmen,Ranchería
83357,El Palo Verdal,Ranchería
83357,El Potrerito (El Potrero de San Francisco),Ranchería
83357,El Pueblito,Ranchería
83357,El Tinaco (Campo de Gómez),Ranchería
83357,La Junta,Ranchería
83357,La Pirinola,Ranchería
83357,La Tinaja,Ranchería
83357,Las Barajitas (San Juan),Ranchería
83357,Las Cruces,Ranchería
83357,Pilares,Ranchería
83357,Pozo Nuevo,Ranchería
83357,San José,Ranchería
83360,San Miguel de Horcasitas,Pueblo
83363,Chupisonora,Ranchería
83363,El Chinalito,Ranchería
83363,El Gato,Ranchería
83363,El Tigre,Ranchería
83363,El Veranito,Ranchería
83363,La Chepa (Rancho Leonardito),Rancho
83363,Punta de Agua Uno,Ranchería
83363,San Martín de Porres,Ranchería
83363,Santa Teresa,Ranchería
83364,El Carricito,Ranchería
83364,El Llano,Ranchería
83364,El Molino de Arriba,Ranchería
83364,El Tren,Ranchería
83364,La Bajada,Ranchería
83364,La Carrizosa,Ranchería
83364,La Casa Colorada,Ranchería
83364,Las Limas,Ranchería
83364,Los Seris,Ranchería
83364,Agua Salada,Rancho
83364,Arbiseña,Rancho
83364,Vacajuzary,Rancho
83364,San Benito,Ranchería
83364,San Justino,Ranchería
83364,Santa María del Pópulo,Ranchería
83364,Santa Rita,Ranchería
83365,Campo del Rosario,Ejido
83365,Campo San José,Ejido
83365,Juan Peralta,Ranchería
83365,La Gloria,Ranchería
83365,Los Cuates,Ranchería
83365,Los Robles,Ranchería
83365,Ranchito del Río Bonito,Ejido
83365,San Diego,Ranchería
83365,San Juan de los Lagos,Ranchería
83366,Parcela 45,Ejido
83366,Campo Número Dos,Ejido
83366,San Martín,Ejido
83366,Grupo Serrano,Granja
83366,La Vinorama,Ranchería
83366,La Virgen,Ranchería
83366,Las Mesteñas,Ranchería
83366,Los Vergeles,Ranchería
83366,Placar,Ranchería
83366,FIGVAL,Rancho
83366,Sagrado Corazón de Jesús,Ranchería
83366,San José del Porvenir,Ranchería
83366,San Nicolás,Ranchería
83366,Serrano,Ranchería
83366,Viñedo el Porvenir,Rancho
83367,El Cuatro,Ranchería
83367,El Paraíso,Ranchería
83367,La Noria,Ranchería
83367,Las Playitas,Ranchería
83367,Noria del Verde,Ranchería
83367,De Alejo Lugo,Rancho
83367,San Antonio,Rancho
83367,Santa Rita (Campo Número Tres),Granja
83370,Los Ángeles (La Fábrica de los Ángeles),Colonia
83370,Cano Sainz (El Rastro),Ejido
83370,Cerro Colorado,Ranchería
83370,El Cajón,Ranchería
83370,El Nogalito,Ranchería
83370,La Cañada,Ranchería
83370,La Cañada de San Miguel,Ranchería
83370,Los Diques,Ranchería
83370,San Francisco,Ranchería
83373,Aguariel,Ranchería
83373,Codorachi,Ranchería
83373,El Coyote (Rancho Grande),Rancho
83373,La Galera,Ranchería
83373,La Quinta,Ranchería
83373,La Tembladera de Arriba,Ranchería
83373,Arturo García,Rancho
83373,Guadalupe,Rancho
83373,San Carlos (La Carbonera),Ranchería
83373,San Isidro,Ranchería
83374,El Tecolote,Granja
83374,Pesqueira [Granja Porcícola],Granja
83374,La Aduana,Ranchería
83374,San Martín (La Luna),Ranchería
83374,La Pinacata [Porcícola],Granja
83374,La Salada de Abajo,Ranchería
83374,La Salada de Arriba (SAHOP),Ranchería
83374,Núñez (Campo Núñez),Ejido
83374,Pozo Enrique,Granja
83374,Pozo Manuel,Ranchería
83374,El Beny [Viñedo],Granja
83374,Viñedos 2000 Norte (La Tracalita),Granja
83374,Pesqueira [Viñedo],Granja
83375,UES [Campo],Ejido
83375,Fer-Ver de los Molinas,Ranchería
83375,Frigoríficos Pesqueira Sonhofrut,Ranchería
83375,Las Bateas,Ranchería
83375,Las Bateas (Las Bateas de Arriba),Ranchería
83375,Las Mercedes [Agropecuaria],Granja
83375,Los Gordos,Granja
83375,El Manto [Viñedo],Rancho
83375,Viñedo Escondido,Rancho
83376,Campito San Alberto,Rancho
83376,Pueblo Nuevo,Colonia
83376,El Torreón,Ejido
83376,Agrícola el Bacame,Ranchería
83376,Campo Jorge Ortega,Ejido
83376,Cerro Pelón,Ranchería
83376,Los Mezquites [Hipódromo],Ranchería
83376,La Escondida,Ranchería
83376,La Perla,Ranchería
83376,Los Cochitos,Ranchería
83376,Los Cuates,Ranchería
83376,Los Hoyos,Ranchería
83376,Los Tres García [Ganadera],Ranchería
83376,Parronales Porfín,Ranchería
83376,Pedro Moreno (Predio Mata de Carrizo),Ranchería
83376,Predio Dos Pozos,Ranchería
83376,Aldana,Rancho
83376,De Baldomero Robles,Rancho
83376,San Jerónimo,Ranchería
83376,San Judas,Ranchería
83376,Santa Elena (La Providencia),Granja
83376,Sociedad Bracamonte Amarilla,Ranchería
83376,Tierras Nuevas,Ranchería
83376,Viñedo la Mesa,Rancho
83377,Armando López Nogales,Colonia
83377,Benito Juárez,Colonia
83377,El Manto,Colonia
83377,Loma Alta,Colonia
83377,Loma Bonita,Colonia
83377,Loma Linda,Colonia
83377,Luis Donaldo Colosio,Colonia
83377,Rinconada,Colonia
83377,Viñedos,Colonia
83377,Pesqueira Centro,Colonia
83377,Viñedo el Sol,Granja
83378,El Carrizo,Ranchería
83380,La Playa,Colonia
83380,Carbó Centro,Colonia
83383,El Chamizal,Colonia
83383,Luis Donaldo Colosio,Colonia
83384,Ferrocarril,Colonia
83384,La Ladrillera,Ranchería
83385,Emiliano Zapata,Colonia
83386,La Aurora,Colonia
83390,El Arpa,Ranchería
83390,El Ranchito,Ranchería
83390,La Palma,Ranchería
83390,Mayén,Ranchería
83390,Grande,Rancho
83390,San Francisco,Ranchería
83393,Centro de Investigaciones Pecuarias del Estado de Sonora,Equipamiento
83393,El Oásis,Ranchería
83393,Los Chinos,Ranchería
83393,Los Chinos de Abajo (El Pocito),Ranchería
83393,Los Chinos de Arriba,Ranchería
83393,Pozo de Crisanto,Ranchería
83394,Campo Canoras,Ranchería
83394,La Gorulla,Ranchería
83394,La Poza,Ranchería
83394,Las Canoras,Ranchería
83395,El Garambullo,Ranchería
83395,Noria de Landavazos,Ranchería
83395,Zanjón,Ranchería
83396,El Treinta y Ocho,Ranchería
83396,La Cachucha,Ranchería
83396,Las Praderas,Ranchería
83396,Pozo Hondo,Ranchería
83397,Cola de Tizón,Ranchería
83397,El Mojino,Ranchería
83398,Buenos Aires,Ranchería
83400,Irma Rodríguez,Ranchería
83400,Cuauhtémoc,Colonia
83400,San Luis Río Colorado Centro,Colonia
83403,Del Río,Colonia
83419,Campamento,Barrio
83420,Bellavista,Colonia
83420,La Mesa,Colonia
83420,Oasis,Colonia
83423,Los Adobes,Fraccionamiento
83430,Los Portales,Fraccionamiento
83430,Industrial,Colonia
83430,Alameda,Colonia
83439,Ruiz Cortines,Colonia
83440,Sonora,Colonia
83447,Jalisco,Colonia
83448,Residencias,Colonia
83449,Comercial,Colonia
83450,Diana Residencial,Fraccionamiento
83450,Burócrata,Colonia
83455,Parque Industrial,Zona industrial
83457,La Mesa,Fraccionamiento
83457,Misión del Sol,Fraccionamiento
83457,Hacienda las Palmas,Fraccionamiento
83457,Nuevo Palmira,Fraccionamiento
83457,Chula Vista,Fraccionamiento
83457,Del Parque,Fraccionamiento
83457,Joyas del Parque,Fraccionamiento
83458,Progreso,Colonia
83459,10 de Abril,Colonia
83470,Villas del Río,Fraccionamiento
83470,Aviación,Colonia
83479,Paraíso del Bosque,Fraccionamiento
83479,Aeropuerto,Colonia
83479,La Grullita,Colonia
83480,Del Bosque,Colonia
83487,Libertad,Colonia
83488,Mezquite,Colonia
83489,Federal,Colonia
83490,Altar,Colonia
83496,Villa las Flores,Fraccionamiento
83496,Solidaridad,Colonia
83497,Reforma,Colonia
83498,México,Colonia
83498,Nuevo San Luis,Colonia
83499,Campestre,Colonia
83499,Villa Colonial,Colonia
83500,Guadalupe,Colonia
83500,Ingeniero Luis B Sánchez,Pueblo
83503,Los Olivos,Colonia
83504,Bicentenario,Fraccionamiento
83504,Villa Florida,Colonia
83510,Juárez Leyes de Reforma,Ejido
83510,El Barranco,Ranchería
83510,Nuevo Michoacán (Estación Riíto),Ejido
83510,Mesa Rica,Ejido
83510,Mesa Rica Dos,Ejido
83513,Agrícola Agros,Zona industrial
83513,Tsunami,Rancho
83513,Río Sur,Ranchería
83513,El Álamo [Empaque],Zona industrial
83513,La Curva de la Nuevo León,Ranchería
83513,Amalia Lira Bejarano,Rancho
83513,Coahuila,Ranchería
83513,La Entrada (Emiliano Zapata),Ranchería
83513,Independencia,Ranchería
83513,Coahuila,Ranchería
83513,Independencia,Ejido
83513,Nuevo León,Ranchería
83513,La Bolsa,Ranchería
83513,Coahuila,Rancho
83513,Emiliano Zapata,Ejido
83513,Río Norte,Colonia
83514,25 de Enero (Productora),Rancho
83514,Francisca Herrera,Ranchería
83514,Roberto Conde Lara,Ranchería
83514,Los Tornero,Ranchería
83514,El Fronterizo,Ejido
83514,Lagunitas,Ejido
83515,Del Río,Colonia
83515,El Barrote,Colonia
83515,Lagunitas,Ejido
83515,El Bordo,Ranchería
83515,La Escondida,Ranchería
83515,Alicia Figueroa,Ranchería
83515,Islita,Ejido
83515,El Cheque Ocho,Ranchería
83516,Onion King,Rancho
83516,Pozas de Arvizu (La Reserva),Ejido
83516,La Esperanza,Ranchería
83516,El Profesor,Ranchería
83516,La Azteca,Ranchería
83516,Gregorio Castro,Ranchería
83516,Campillo,Rancho
83517,Ramiro Dunton,Ranchería
83517,Carlos Monroy,Rancho
83517,El Arco,Rancho
83517,La Grullita,Rancho
83517,Monumentos,Ejido
83517,María Viuda de García,Rancho
83520,Las Adelitas,Ranchería
83540,Golfo de Santa Clara,Ejido
83550,Puerto Peñasco Centro,Colonia
83553,Oriente,Colonia
83553,Brisas Del Golfo,Fraccionamiento
83553,Luis Donaldo Colosio,Colonia
83553,Nuevo Peñasco,Colonia
83553,Josefa Ortiz de Domínguez,Colonia
83553,San Jorge,Fraccionamiento
83553,Caracoles,Condominio
83553,El Cárcamo,Colonia
83553,La Termoeléctrica,Colonia
83553,Residencial la Providencia,Fraccionamiento
83554,Corona del Mar,Condominio
83554,Linda Vista,Condominio
83554,Palacio del Mar,Condominio
83554,Tessoro,Condominio
83554,El Puerto,Colonia
83554,Benito Juárez,Colonia
83554,Recinto Portuario,Colonia
83554,Peñasco,Colonia
83554,Las Conchas,Colonia
83554,Cerro La Ballena,Condominio
83554,Paz del Mar,Fraccionamiento
83554,Los Delfines,Fraccionamiento
83554,Los Portales,Fraccionamiento
83554,Corona del Sol,Condominio
83554,Barlovento,Condominio
83554,San Clemente,Condominio
83554,Privada Residencial Vista de Oro,Fraccionamiento
83555,Casa Blanca Golf Villas,Condominio
83555,Esmeralda Beach Resort,Condominio
83555,Princesa de Peñasco Resort,Condominio
83555,Sonoran Sea Resort,Condominio
83555,Sonoran Sky Resort,Condominio
83555,Sonoran Star Resort,Condominio
83555,Ferrocarrilera,Colonia
83555,Obrera,Colonia
83555,Bella Vista,Colonia
83555,Bella Sirena,Condominio
83555,Las Palmas,Condominio
83555,Sonoran Spa Resort,Condominio
83555,Costa Diamante,Condominio
83555,Las Palomas,Condominio
83555,Diamond Village,Fraccionamiento
83555,Puerta Privada,Condominio
83556,4 de Marzo,Colonia
83556,Conjunto Ballenas,Fraccionamiento
83556,Hacienda de Cortés,Fraccionamiento
83556,Maeva Residencial,Fraccionamiento
83556,José López Portillo,Colonia
83556,Nueva,Colonia
83556,Lomas Campestres,Colonia
83556,Brisas Del Mar,Colonia
83556,Nueva Esperanza,Colonia
83556,Country Garden,Fraccionamiento
83556,Deportiva,Colonia
83556,La Herradura,Colonia
83556,Lagos y Ríos,Colonia
83556,Las Cúpulas Residencial,Fraccionamiento
83556,Mariposa Residencial,Fraccionamiento
83556,Nueva Aurora,Fraccionamiento
83557,San Rafael,Colonia
83557,San Rafael (El Choyal),Colonia
83557,Villas de Altar,Fraccionamiento
83560,Alfredo López Aceves,Ejido
83560,Islas del Mar,Equipamiento
83560,Laguna Shores,Fraccionamiento
83560,Concretos Gocasa,Zona industrial
83560,Aurelio Soto,Rancho
83560,Bahía la Choya,Pueblo
83560,Carlos Salinas de Gortari,Ejido
83560,Cerro Prieto,Rancho
83560,Gustavo Sotelo (Sección FF CC),Paraje
83560,Las Lágrimas,Ejido
83560,López Collado (Sección FF CC),Paraje
83564,Benjamín Zavala,Rancho
83564,El Pinacate,Ejido
83565,El Pinacate,Condominio
83565,Aceves,Colonia
83565,Agua Zarca,Colonia
83565,John F Kennedy,Ejido
83565,José María Dávila,Rancho
83565,Los Norteños,Ejido
83565,Nayarit Número Tres (Nayarit),Ejido
83565,Orfanatorio,Equipamiento
83566,Sand Castle,Fraccionamiento
83566,Mayan Lakes,Equipamiento
83566,Encántame Towers,Condominio
83566,El Encanto (Luna Blanca),Condominio
83566,Playa Azul,Condominio
83566,Playa la Joya,Fraccionamiento
83566,Playa Encanto,Colonia
83566,Playa Miramar,Fraccionamiento
83566,Estero de Morúa,Colonia
83566,Bahía de San Jorge,Ranchería
83566,Estación Almejas,Paraje
83566,Las Carretas,Hacienda
83566,La Pinta,Ejido
83566,Las Sinitas,Ranchería
83566,Mayan Palace Hotel,Equipamiento
83566,Playa Dorada (Playa Norte),Condominio
83566,Playa el Encanto Viejo,Condominio
83566,Playa San Jorge,Colonia
83566,Ulises Irigoyen (Irigoyen),Paraje
83567,La Esperanza,Rancho
83570,Sonoyta Centro,Colonia
83573,Colinas de Sonoidag,Colonia
83573,La Botella,Barrio
83573,La Presa,Barrio
83573,La Copa,Colonia
83574,Hombres Blancos,Colonia
83575,Obregón,Colonia
83575,Burócrata,Colonia
83576,Loma Bonita,Colonia
83576,Los Chinos,Barrio
83576,Papagos,Colonia
83577,La Ganadera,Colonia
83580,Adolfo López Mateos,Ejido
83580,Francisco I Madero,Ranchería
83580,San Miguel (Emiliano Zapata),Ranchería
83580,El Desierto de Sonora,Ejido
83583,21 de Marzo (Fracción Uno),Barrio
83583,División del Norte,Rancho
83583,Valdez,Ejido
83583,División del Norte Uno,Colonia
83583,La Nariz,Rancho
83584,Aduana San Emeterio,Equipamiento
83585,América,Ejido
83585,El Porvenir (Colonia el Porvenir),Rancho
83585,Reforma,Ranchería
83585,Villa Hermosa,Ranchería
83586,Quitovac,Ejido
83590,Morelia,Ranchería
83600,Heroica Caborca Centro,Colonia
83610,Los Agaves,Fraccionamiento
83610,Aviación,Colonia
83610,La Huerta,Colonia
83620,Deportiva,Colonia
83621,Eleazar Ortiz,Colonia
83624,Palo Verde,Colonia
83624,Salomón Quihuis,Colonia
83624,Santa Cecilia,Colonia
83624,Ampliación Santa Cecilia,Colonia
83624,Nueva Santa Cecilia,Colonia
83630,Lázaro Cárdenas,Colonia
83630,San Rafael,Colonia
83630,Esperanza,Colonia
83634,Nuevo Amanecer,Colonia
83634,Burócrata,Colonia
83634,Niños Héroes,Colonia
83634,Palma Dorada,Fraccionamiento
83634,INFONAVIT Bugambilias,Colonia
83634,Palma Dorada Sección Mallorca,Fraccionamiento
83635,Parque Industrial,Zona industrial
83640,De la Educación,Fraccionamiento
83640,Misioneros,Fraccionamiento
83640,Industrial,Colonia
83640,Real de los Viñedos,Fraccionamiento
83650,Francisco Villa,Colonia
83650,Raquet Club,Fraccionamiento
83660,Contreras,Colonia
83660,Agronómica,Colonia
83660,INFONAVIT Benito Juárez,Colonia
83663,El Cerrito,Colonia
83663,Tierra Blanca,Colonia
83663,El Ventarrón,Colonia
83663,Villa Zarina,Fraccionamiento
83663,Santa Elena,Fraccionamiento
83664,San Roque,Fraccionamiento
83664,Aurora,Colonia
83664,Fernando Honorato Pino,Colonia
83664,Ladrillera,Colonia
83664,INFONAVIT Misiones de Kino,Colonia
83664,Francisco Javier,Colonia
83664,6 de Abril,Fraccionamiento
83665,INFONAVIT José Maria Girón,Colonia
83666,Cerro Prieto,Fraccionamiento
83666,Armando Reyna,Colonia
83670,Lizárraga,Colonia
83680,Prados del Sol,Fraccionamiento
83680,Pueblo Viejo,Colonia
83680,Los Jardines,Colonia
83680,Doctores,Colonia
83680,San Alberto,Fraccionamiento
83680,Luz de Oriente,Fraccionamiento
83690,Las Águilas,Colonia
83690,Terranova,Fraccionamiento
83690,El Alto,Colonia
83690,Pagasa,Colonia
83690,5 de Mayo,Colonia
83693,Bicentenario Residencial,Fraccionamiento
83693,Romanza,Fraccionamiento
83695,Las Granjas,Colonia
83695,Los Arcos,Fraccionamiento
83706,Tajitos,Ranchería
83706,San Isidro,Ejido
83710,El Bajío,Ejido
83710,Juan Álvarez,Ejido
83710,El Sahuaro,Ranchería
83713,Álvaro Obregón,Ejido
83713,Rodolfo Campodónico,Ejido
83713,Adolfo Orive de Alba,Ejido
83713,15 de Septiembre,Colonia
83713,El Socorro,Ejido
83713,Barrio de Guadalupe,Ranchería
83713,Lázaro Cárdenas,Ejido
83713,Santa Laura,Ranchería
83713,Villa de Guadalupe,Ranchería
83714,El Diamante (La Retranca),Ejido
83714,José María Morelos,Ejido
83714,Las Enchilayas,Paraje
83714,Poblado San Felipe,Ejido
83714,Agrícolas Rhodas,Ejido
83714,El Pedernal Cuatro,Ranchería
83714,El Treinta y Tres,Ranchería
83714,Juan Jiménez Hernández (Colonia Vicente Guerrero),Ranchería
83714,El Oasis (La Angostura),Ranchería
83714,La Rivera,Ranchería
83714,Lauro G Caloca,Ejido
83714,Loleyta,Ranchería
83714,Santa Elena (El Bonito),Ranchería
83714,Llanos San Francisco,Ranchería
83714,Torrentera,Ejido
83715,San Isidro,Ejido
83715,José López Portillo 2,Ranchería
83715,Juan García Cabral,Ejido
83715,Ampliación Frontera,Ejido
83715,Jesús García,Ejido
83715,El Chamizal,Ejido
83715,Santa Eduwiges (La Cachora),Ejido
83715,Ampliación Fronteras,Ejido
83715,El Rocío,Ranchería
83715,Estación Coyote,Ranchería
83715,Héroe de Nacozari,Ranchería
83715,La Fortuna,Ranchería
83715,Los Sapos,Ranchería
83715,México Sesenta y Ocho,Ejido
83715,San Andrés,Ranchería
83715,San Pedro,Ejido
83716,Playa Santo Tomás,Colonia
83716,Cerro Blanco,Campamento
83716,Último Esfuerzo,Ejido
83716,Ures,Ejido
83716,Delicias del Desierto,Ranchería
83716,El Olivar,Ranchería
83716,El Parral,Ranchería
83716,El Puebla,Ranchería
83716,El Sinsoncito,Granja
83716,Huanímaro (Plan de Ayala),Ranchería
83716,La Mochomera (La Morena),Ejido
83716,La Realidad,Rancho
83716,Cerro Blanco,Ejido
83716,San Gabriel,Ranchería
83717,El Coyote,Pueblo
83717,La Alameda (Cortázar),Colonia
83717,Desemboque,Colonia
83717,Los Tres,Granja
83717,La Realidad,Ranchería
83717,María Isabel de los Olivos,Ranchería
83717,San Ramón,Ranchería
83717,Santa Inés,Ranchería
83718,San Faustino,Rancho
83720,Laguna Prieta,Ranchería
83720,La Almita,Colonia
83720,Siempre Viva,Ejido
83720,La Esmeralda I,Ranchería
83720,Los Franciscos,Ranchería
83720,Río Viejo (El Alma),Ranchería
83720,San Jorge (La Nogalera),Ranchería
83720,Santa Cecilia,Ranchería
83720,Santa Minerva,Ejido
83723,Josefa Ortiz de Domínguez,Ejido
83723,Don Nacho,Ranchería
83723,Viñedos Viva,Rancho
83723,Yaqui Justiciero,Ejido
83724,Del Carmen [Porcícola],Granja
83724,Salomón Quihuis,Ejido
83724,El Durazno,Ranchería
83725,6 de Abril,Ejido
83725,José María Pino Suárez,Ejido
83725,La Primavera,Ejido
83725,Alfonso Garzón Santivañes (Zacatecas),Ranchería
83725,Cajeme Dos,Ejido
83725,Maribel,Ranchería
83727,Puerto Lobos,Colonia
83730,Vicente Guerrero,Ejido
83730,Las Torres,Colonia
83733,Huanímaro,Colonia
83733,CECYTES,Colonia
83734,Plutarco Elías Calles (La Y Griega),Colonia
83735,Los Laureles,Colonia
83740,El Ejemplo,Ejido
83750,Altar Centro,Colonia
83753,Bella Vista,Colonia
83753,Palo Verde,Colonia
83753,Buenos Aires,Colonia
83753,Benito Juárez,Colonia
83753,Luis Donaldo Colosio,Colonia
83754,Las Lomas,Colonia
83754,Centro Norte,Colonia
83755,La Otra Banda,Colonia
83756,INFONAVIT las Palmas,Colonia
83756,Valle del Sol,Colonia
83756,Centro Sur,Colonia
83757,Magisterial,Colonia
83757,INFONAVIT Niños Heroes,Colonia
83760,El Plomo,Ejido
83767,Bonillas,Ejido
83770,Los Molinos,Rancho
83770,Arsenio Portillo (Los Molinos),Ejido
83780,El Futuro,Ejido
83780,Lorenzo León Félix (San Lorenzo),Ejido
83780,Luis Sotelo Méndez,Ranchería
83784,Barcelia,Ejido
83786,Campo Anita,Ejido
83786,El Chivero (Los Chiveros),Ejido
83786,Santa María,Ranchería
83790,16 de Septiembre,Ejido
83793,General Francisco Javier Mújica (Manjarrez),Rancho
83794,Llano Blanco [Subestación Eléctrica],Ranchería
83794,Llano Blanco (Rancho Seco),Ejido
83794,Seco,Rancho
83795,José Juan Cuellar (Cuauhtémoc),Ejido
83795,María Eugenia (Los Chacuales),Ranchería
83796,El Alamito,Rancho
83797,El Labrador,Ranchería
83797,La Angostura,Ranchería
83800,Tubutama Centro,Colonia
83801,San Juan,Ejido
83805,La Reforma,Ejido
83810,San José (San Enrique),Ejido
83817,La Sangre (La Sangre Nueva),Ejido
83818,Santa Isabel (La Cuchilla),Ranchería
83818,San Manuel (San Manuel Ocuca),Ejido
83820,Atil,Pueblo
83830,El Sartén,Rancho
83830,San Martín,Rancho
83830,Santo Niño de Atocha,Rancho
83833,Efraín Rodríguez,Rancho
83833,El Apache,Rancho
83833,La Hacienda,Rancho
83833,Las Canoas,Rancho
83833,Los Naranjos (El Potrerito),Rancho
83833,Raúl Robles,Rancho
83833,Dos Hermanos,Rancho
83833,René Celaya,Rancho
83833,René Reyna,Rancho
83833,Santa Fe (Jesús Paz),Rancho
83834,La Tinaja II,Rancho
83834,Los Pilares,Rancho
83835,El Maypa,Rancho
83835,El Represo de los González,Rancho
83837,Angélica Loroña,Rancho
83837,Antonio Loroña,Rancho
83837,El Gato,Rancho
83837,El Porvenir,Rancho
83837,Los Nopales,Rancho
83837,Potrero del Carmen (El Monte),Rancho
83837,Raúl Piña,Rancho
83837,La Potranca,Rancho
83837,Reyes Celaya,Rancho
83840,Los Presidentes,Colonia
83840,Oquitoa Centro,Colonia
83860,Sáric,Pueblo
83870,Sásabe,Pueblo
83890,Cerro Prieto,Colonia
83900,Benjamín Hill Centro,Colonia
83903,San Fernando,Colonia
83903,INFONAVIT San Fernando,Fraccionamiento
83906,Jesús Siqueiros,Colonia
83906,La Garita,Ejido
83907,Fundo Legal,Colonia
83907,Ferrocarril,Fraccionamiento
83910,San Diego,Ejido
83910,La Garita,Ranchería
83910,La Mula,Ranchería
83910,La Noria,Ranchería
83910,Los Chinos,Ranchería
83913,Casa Blanca,Ranchería
83913,El Guanajuato,Ranchería
83913,El Perú,Ranchería
83913,El Represo (San Ramón),Ranchería
83913,Los Vallecitos,Ranchería
83913,Santa Eva,Ranchería
83914,Santa Rosa,Ranchería
83915,San Francisco del Bajío,Ranchería
83915,San Juan,Ranchería
83916,El Chino,Ranchería
83917,El Molino,Ranchería
83917,El Pajarito,Ranchería
83917,El Picacho,Ranchería
83917,La Providencia,Ranchería
83917,Los Tres Álamos,Ranchería
83917,Miguel Hidalgo,Ejido
83917,El Molino,Rancho
83917,Ruiz Díaz,Ranchería
83917,San Isidro,Ranchería
83917,San Miguelito,Ranchería
83920,San Miguel,Ejido
83920,El Bronco,Ranchería
83920,Los Cuervos,Ranchería
83923,El Carmen (El Chubasco),Ranchería
83923,El Cuero,Ranchería
83923,Las Ánimas,Ranchería
83924,El Estero,Ranchería
83924,El Sahuarito,Ranchería
83924,El Socorro,Ranchería
83924,Santa Rita,Ranchería
83925,El Campito,Ranchería
83925,La Peña Blanca,Ranchería
83925,La Peñita,Ranchería
83925,Polvaredas,Ranchería
83926,El Carrizo,Rancho
83926,Vista Grande,Rancho
83926,San Darío,Ranchería
83927,El Pozo del Sahuaro,Ranchería
83927,Hereford,Ranchería
83927,La Sandía,Ranchería
83930,Trincheras,Pueblo
83931,El Ocuca,Ranchería
83931,Pueblo Nuevo (Pueblo Nuevo Ocuca),Pueblo
83935,Los Fresnos,Ranchería
83937,La Playa,Ranchería
83960,Pitiquito,Pueblo
83960,Barrio Zaragoza,Colonia
83960,INFONAVIT San Diego,Colonia
83960,Barrio Guadalupe,Colonia
83960,Bellavista,Colonia
83960,Barrio Luz Molina,Colonia
83960,Las Pilas,Colonia
83961,La Colonia,Ranchería
83961,La Estación (Estación Pitiquito),Ranchería
83964,Santa Matilde,Ejido
83964,Los Verdes,Ranchería
83966,Campestre Casa Blanca,Ranchería
83970,Puerto Libertad,Pueblo
83974,Victoria y Libertad,Ranchería
83980,Félix Gómez (El Dipo),Ranchería
83981,La Ciénega,Ranchería
83983,La Inmaculada,Ranchería
83990,Desemboque de los Seris (El Desemboque),Colonia
84000,Heroica Nogales Centro,Colonia
84009,Aeropuerto Regional de Nogales,Aeropuerto
84010,Buenos Aires,Colonia
84014,Embarcadero,Colonia
84015,Serena Residencial,Fraccionamiento
84015,Benito Juárez,Colonia
84017,Lázaro Cárdenas,Colonia
84018,Buenos Aires Este,Colonia
84020,Del Rosario,Colonia
84020,Lomas de Fátima,Colonia
84020,Pima I,Colonia
84024,Pima II,Colonia
84024,FOVISSSTE II,Unidad habitacional
84024,Monte Bello,Fraccionamiento
84024,La Recicladora,Zona comercial
84024,Clarita (La Gringa),Rancho
84030,Fundo Legal,Colonia
84030,Héroes,Colonia
84030,Municipal,Colonia
84030,Félix B Peñaloza,Colonia
84035,Diana Laura Riojas de Colosio,Colonia
84035,Artículo 27,Colonia
84040,Los Sauces,Colonia
84040,CTS CROC,Colonia
84040,Seguro Social,Colonia
84046,INFONAVIT 5 de Mayo,Unidad habitacional
84046,Del Valle,Colonia
84047,Altamira,Colonia
84048,Obrera,Colonia
84050,Lisboa,Fraccionamiento
84050,Chulavista,Colonia
84050,Paseos de Chula Vista,Fraccionamiento
84055,Moderna,Colonia
84060,Bolívar,Colonia
84060,Esperanza,Colonia
84062,La Riviera,Fraccionamiento
84062,FOVISSSTE,Unidad habitacional
84062,Mediterráneo,Fraccionamiento
84062,Nuevo Milenio,Fraccionamiento
84062,El Manantial,Fraccionamiento
84062,Cumbres del Mediterráneo,Fraccionamiento
84062,Los Ángeles,Fraccionamiento
84063,Portofino Residencial,Fraccionamiento
84063,Del Rastro,Colonia
84063,Jardines del Bosque,Fraccionamiento
84063,Conjunto Jardín,Fraccionamiento
84063,Las Torres,Colonia
84063,Jardines de la Montaña,Colonia
84063,Valle del Márquez,Fraccionamiento
84063,Hermanos Flores Magón,Colonia
84063,Santa Fe,Fraccionamiento
84063,Bosque de Nogales,Fraccionamiento
84063,La Muralla,Fraccionamiento
84063,San Sebastián,Fraccionamiento
84063,San Alberto,Fraccionamiento
84064,Residencial San Miguel,Colonia
84064,Buenavista,Colonia
84064,Los Encinos,Colonia
84064,Villa Bonita,Fraccionamiento
84064,Pozo,Fraccionamiento
84064,El Rodeo,Fraccionamiento
84064,Rancho Contento,Colonia
84064,Rincón Alegre,Colonia
84064,Villa Guadalupe,Fraccionamiento
84064,Las Praderas,Fraccionamiento
84064,Real del Arco,Fraccionamiento
84064,Jardines del Sol,Fraccionamiento
84065,Kennedy,Colonia
84065,Granja,Colonia
84065,Manlio Fabio Beltrones,Colonia
84065,Olivos,Fraccionamiento
84066,Monarca,Fraccionamiento
84066,Kalitea,Colonia
84066,El Greco,Colonia
84066,Luis Donaldo Colosio,Colonia
84066,Zona Industrial,Zona industrial
84067,Jesús Antonio Moreno,Rancho
84067,El Chamula,Rancho
84067,Barcelona Privada Residencial,Fraccionamiento
84067,Pueblitos,Fraccionamiento
84067,Casas Blancas,Ranchería
84067,Jorge Martínez,Ranchería
84067,El Comedero (Francisca Yescas),Ranchería
84067,El Novillo,Ranchería
84067,La Ladera,Ranchería
84067,El Solovino (Ricardo Encinas),Ranchería
84067,Godines,Ranchería
84067,Los Alisos,Rancho
84067,Luis Sánchez Miranda,Ranchería
84067,El Alamito,Ranchería
84068,Deportiva,Colonia
84068,El Greco Residencial,Fraccionamiento
84069,Canoas,Colonia
84069,Puesta del Sol,Fraccionamiento
84069,Paseo Privada Residencial,Fraccionamiento
84074,Empalme,Colonia
84074,Oaxaca,Colonia
84074,5 de Mayo,Colonia
84074,El Canelo,Fraccionamiento
84075,Villa Señor,Colonia
84076,Leandro Valle,Colonia
84076,Ignacio Zaragoza,Colonia
84076,Rosarito,Colonia
84076,Veracruz,Colonia
84076,Rosarito II,Colonia
84076,Colinas del Sol,Colonia
84080,Alegranza Residencial,Fraccionamiento
84080,Andaluz,Fraccionamiento
84080,Ferrocarrilera,Colonia
84080,Lomas de Nogales,Colonia
84080,Pueblo Nuevo,Colonia
84080,Kino,Fraccionamiento
84080,Belisario Domínguez,Colonia
84080,Los Corrales,Fraccionamiento
84085,Alamedas Residencial,Fraccionamiento
84085,Los Álamos,Colonia
84086,Misión Residencial,Fraccionamiento
84086,Sabinos Residencial,Fraccionamiento
84086,Bellavista,Colonia
84086,Lomas del Sol,Fraccionamiento
84086,Lomas de Anza,Fraccionamiento
84086,Romanza Residencial,Fraccionamiento
84090,45-A Zona Militar,Zona militar
84090,Parque Industrial San Carlos,Zona industrial
84090,Los Virreyes,Colonia
84090,Solidaridad,Colonia
84090,San Carlos,Fraccionamiento
84090,Santa Lucía,Colonia
84093,Fuente de Plata,Fraccionamiento
84093,Fuente de Piedra,Fraccionamiento
84093,Las Acacias,Fraccionamiento
84093,Las Haciendas,Fraccionamiento
84093,Villa Sonora,Colonia
84093,Colinas del Yaqui,Fraccionamiento
84093,Colinas del Sur,Fraccionamiento
84093,Vistas del Sur,Fraccionamiento
84093,El Conquistador,Fraccionamiento
84093,Vistas del Sur II,Fraccionamiento
84094,Siglo XXI,Colonia
84094,Los Pinos Residencial,Fraccionamiento
84094,Universidad,Colonia
84094,Parque Industrial de Nogales,Zona industrial
84094,California,Fraccionamiento
84094,Nuevo Nogales,Colonia
84094,Las Terrazas,Fraccionamiento
84094,Loma Linda,Fraccionamiento
84094,Las Bellotas,Fraccionamiento
84094,Casa Blanca,Fraccionamiento
84094,Parque Industrial Nuevo Nogales,Zona industrial
84094,Terranova Residencial,Fraccionamiento
84094,Zona Fiscal,Colonia
84094,Cedros Residencial,Fraccionamiento
84100,La Higueria,Rancho
84100,La Arizona (La Hacienda),Rancho
84100,Agua Caliente,Rancho
84100,Aguajito de la Morita,Rancho
84100,Casas Blancas,Ranchería
84100,Casildo Santa María,Ranchería
84100,Doña Chepa,Ranchería
84100,El Aguajito,Ranchería
84100,El Choclo,Ranchería
84100,El Durazno,Ranchería
84100,El Tapiral,Rancho
84100,El Tascali,Rancho
84100,Elena Rodríguez,Ranchería
84100,Felizardo Amador,Ranchería
84100,Héctor Soto,Rancho
84100,Jiráhui,Ranchería
84100,Jorge Leal,Ranchería
84100,José Ignacio Real,Ranchería
84100,La Angostura,Ranchería
84100,La Arizona (El Correo),Ranchería
84100,La Cabañita,Ranchería
84100,La Ciénega,Ranchería
84100,La Morita (El Aguajito),Ranchería
84100,La Pasadita,Ranchería
84100,Las Avispas,Ranchería
84100,Las Borregas (Esmeralda),Ranchería
84100,Las Borregas de Abajo,Ranchería
84100,Los Castro,Ranchería
84100,Los Cuervos,Ranchería
84100,Los Velázquez,Ranchería
84100,Luis Santa María,Ranchería
84100,Rafael Carrizosa,Ranchería
84100,Rubén Barnet,Ranchería
84100,Rubén Darío Rodríguez,Rancho
84100,Ruben Martínez Fimbres,Ranchería
84100,San Miguelito,Ranchería
84103,El Cuatrero,Rancho
84103,Rerbir,Rancho
84103,La Granja,Rancho
84103,Plutarco Fernández,Rancho
84103,Murrieta,Rancho
84103,Los 3 Cardenales,Rancho
84103,Campestre Mascareñas [Paseo],Rancho
84103,Mascareña (Casas del Ferrocarril),Ejido
84103,Bruno (Alcance Victoria),Ranchería
84103,Buenavista,Rancho
84103,Cadillal,Ranchería
84103,El Alamito,Rancho
84103,El Estribo,Ranchería
84103,El Vado,Ranchería
84103,Familia Erunes,Ranchería
84103,Francisco Miguel Cárdenas Valdez (Mascareñas),Ejido
84103,La Calera,Ranchería
84103,Las Cabañitas,Ranchería
84103,Las Golondrinas,Ranchería
84103,Las Ladrilleras,Ranchería
84103,Licenciado Adolfo López Mateos,Ejido
84103,Los Pavos,Rancho
84103,Martín Soto,Ranchería
84103,San José,Rancho
84103,San Luis (El Mezquital),Rancho
84104,Batepic,Ranchería
84104,El Estero,Granja
84104,El Pozo,Ranchería
84104,El Sahuaral,Ranchería
84104,Los Nogales,Rancho
84104,Nuevo,Rancho
84104,Viacrucis,Ranchería
84105,El Bellotal,Rancho
84105,Don Rafael Camacho Díaz,Rancho
84105,Los Pinitos,Fraccionamiento
84105,22 de Noviembre (Timoteo Vargas),Rancho
84105,"Club Norteño de Caza, Tiro y Pesca",Ranchería
84105,El Moreno,Ranchería
84105,El Ruido,Rancho
84105,El Salto,Ranchería
84105,El Tapiro,Ranchería
84105,Estación Cuarentenaria UGRS,Granja
84105,Faustino Félix Escalante,Ranchería
84105,Iris Ivette,Ranchería
84105,Ivan Bincent,Ranchería
84105,Arroyo Verde,Rancho
84105,La Joya,Ranchería
84105,La Mesa de la Cruz,Ranchería
84105,La Soledad,Ranchería
84105,Las Chimeneas,Ranchería
84105,Las Mariposas,Rancho
84105,Los Nogales (Los Jabalíes),Ranchería
84105,Los Tres García,Ranchería
84105,Los Viejitos,Ranchería
84105,Heredia,Rancho
84105,Nuevo (Eva Rodríguez),Rancho
84105,Santa Elena,Ranchería
84106,Santa Mónica,Rancho
84106,Chucarit,Rancho
84106,San Javier,Rancho
84106,El Donde,Rancho
84106,El Centenario,Rancho
84106,Centro de Readaptación Social Nuevo,Equipamiento
84106,Cíbuta,Ejido
84106,Cíbuta Numero Dos,Ejido
84106,Cíbuta [Sector Número Uno],Ejido
84106,El Salto,Rancho
84106,Kilómetro Veintiuno (La Aduana),Ranchería
84106,Las Encontradas,Ranchería
84107,Bicentenario,Fraccionamiento
84107,La Mesa,Fraccionamiento
84107,San Judas,Rancho
84107,Familia Luzanilla,Rancho
84107,Santa Clara,Rancho
84107,Agua Zarca (Ferrocarril),Paraje
84107,El Bajío,Ranchería
84107,Las Tres Mercedes,Ranchería
84107,El Archi,Ranchería
84107,El Bellotoso,Rancho
84107,El Bellotoso (Benigno García),Rancho
84107,El Diamante,Rancho
84107,El Mezquite,Rancho
84107,El Represo,Rancho
84107,El Tescalar (El Embudo),Ranchería
84107,La Hacienda [Restaurante],Equipamiento
84107,Los Fresnos,Rancho
84107,Los Peyos,Ranchería
84107,Los Romero,Rancho
84107,Pedro Molera,Ranchería
84107,Monreal,Rancho
84107,El Mezquite,Ranchería
84107,San Antonio,Ranchería
84107,San Francisco,Ranchería
84107,San José,Rancho
84107,San Martín del Troncón (Troncón),Ranchería
84107,Saucito (Soto),Rancho
84107,Trinidad Cárdenas,Ranchería
84107,Los Venados,Rancho
84107,Villa Capri,Ranchería
84108,Las Jaretas,Ranchería
84108,Las Juntas,Ranchería
84108,Los Adobes,Rancho
84110,El Pozo,Ranchería
84110,Las Adrianas,Rancho
84110,Las Bellotas,Ranchería
84110,Micky Pesqueira,Ranchería
84110,Pila Redonda,Ranchería
84110,Capulina,Rancho
84113,Agua Blanca,Ranchería
84113,Edna Alicia,Ranchería
84113,El Aguajito,Rancho
84113,El Bellotal,Ranchería
84113,El Pajarito (El Tascalito),Ranchería
84113,El Porvenir,Ranchería
84113,El Tápiro,Ranchería
84113,Armando Arochi,Ranchería
84113,Hebrón,Ranchería
84113,Bonito,Rancho
84113,Kiki Arochi,Ranchería
84113,La Bellotosa,Rancho
84113,La Destiladera,Rancho
84113,La Escondida,Ranchería
84113,La Rinconada,Granja
84113,Las Cruces,Ranchería
84113,Los Nogales (Chicón),Ranchería
84113,Vista Bonita [Parque Recreativo],Equipamiento
84113,San Joaquin,Ranchería
84113,San Joel,Ranchería
84113,Santo Niño,Rancho
84113,Santa Clara (Los Cajoncitos),Ranchería
84113,Santo Niño,Ranchería
84114,El Guacomea,Ranchería
84115,El Quemado (Las Trancas),Ranchería
84115,Botellas,Rancho
84115,San Rafael,Rancho
84115,Santa Fe,Ranchería
84116,Cíbuta,Colonia
84116,Borbón,Ranchería
84116,Campestre el Potrero,Fraccionamiento
84116,El Arroz,Ranchería
84116,El Alamito,Rancho
84116,El Delirio (Kilómetro Treinta y Siete),Granja
84116,El Bonito [El Lepe],Rancho
84116,El Sauco,Ranchería
84116,El Suizo,Granja
84116,La Alameda,Ranchería
84116,La Arboleda,Rancho
84116,La Bellota,Granja
84116,La Bombita,Ranchería
84116,La Chiripa,Ranchería
84116,La Cieneguita,Ranchería
84116,La Esperanza (La Ladrillera),Rancho
84116,La Huerta,Rancho
84116,La Imagen,Ranchería
84116,La Palma,Rancho
84116,La Santa Cruz [Fraccionamiento],Ranchería
84116,Las Avestruces,Ranchería
84116,Las Parrillas,Rancho
84116,Los Taraíces (Taraíces),Rancho
84116,Muñoz,Ranchería
84116,Pista Tres Potrillos,Rancho
84116,Predio el Saucito (Familia Dicochea),Rancho
84116,Quinta Chapalita,Rancho
84116,Arochi,Rancho
84116,Barajas,Rancho
84116,Kilómetro 31 (Cinco de Mayo),Rancho
84116,Santa Rita,Rancho
84116,San Antonio,Ranchería
84116,San Antonio Padúa,Ranchería
84116,San Cristobal (Bacerril),Rancho
84116,San Cristóbal (Román),Ranchería
84116,San Luis,Rancho
84116,San Ramón,Ranchería
84117,El Profe,Rancho
84117,El Pino,Ranchería
84117,El Pozo,Ranchería
84117,El Saucito,Ranchería
84117,Enrique Miranda,Ranchería
84117,Francisco Miguel Cárdenas Valdez (Los Picos),Ejido
84117,Guadalupe (Jiménez),Granja
84117,Isaac Flores Vega,Rancho
84117,La Escondida,Ranchería
84117,Los Corrales,Ranchería
84117,El Tecolote,Ranchería
84117,Santa Bárbara,Hacienda
84117,Santa Elena,Rancho
84118,Casa de Piedra,Ranchería
84118,El Pinito,Ranchería
84120,Imuris Centro,Colonia
84120,La Quinta Artemisa,Rancho
84123,Plutarco Elias,Colonia
84123,Leandro Valle,Colonia
84123,Pueblo Nuevo,Colonia
84124,Santa Lucía,Fraccionamiento
84124,Solidaridad,Colonia
84124,El Sahuaral,Colonia
84124,El Vivero,Colonia
84124,El Alamito,Ranchería
84125,El Rastro,Colonia
84125,El Estadio,Colonia
84125,Revolución,Colonia
84125,La Victoria,Colonia
84125,Aviación,Colonia
84126,La Estación,Colonia
84126,Buenaventura (Puente Largo),Ranchería
84126,Casa Blanca (Puente Largo),Ranchería
84126,El Bachatal,Ranchería
84126,El Calambre,Ranchería
84126,El Cúmaro,Ranchería
84126,El Fresnal,Ranchería
84126,El Jiragui,Ranchería
84126,El Orégano,Ranchería
84126,El Rocío,Ranchería
84126,El Saucito,Ranchería
84126,El Tápiro,Ranchería
84126,El Tompiate,Ranchería
84126,El Vallecito,Ranchería
84126,La Herradura,Ranchería
84126,La Palma,Ranchería
84126,La Paz,Ranchería
84126,La Sauceda,Ranchería
84126,Las Flores,Ranchería
84126,Los Angelitos (El Pozo),Ranchería
84126,Los Vallecitos,Ranchería
84126,Santa Rosalía,Ranchería
84127,Estación Cumeral,Paraje
84127,Real del Catorce (Hacienda Nogales),Fraccionamiento
84127,El Campito (La Nopalera),Ranchería
84127,El Quelital (Providencia),Ranchería
84127,El Rincón (Los Alisos),Ranchería
84127,Ganfer (Invernadero),Zona industrial
84127,La Atascosa,Ranchería
84127,La Cienega,Ranchería
84127,Las Playitas,Ranchería
84127,Los Apaches,Ranchería
84127,Mesa de Romero,Ranchería
84128,El Pozo,Ranchería
84130,La Casita,Hacienda
84130,Agua Caliente (Elías),Ranchería
84130,Agua Caliente (Óscar Pesqueira),Rancho
84130,El Potrero (Ganadera Lomas),Ranchería
84133,Aribabi,Ranchería
84133,Aribabi Viejo,Ranchería
84133,Cañada Ancha,Ranchería
84133,Cocospera,Ranchería
84133,El Jacalito,Ranchería
84133,El Portón,Ranchería
84133,El Vadito,Ranchería
84133,La Bellota,Ranchería
84133,La Candelaria,Rancho
84133,La Cieneguita,Ranchería
84133,La Concordia,Ranchería
84133,La Candelaria,Ranchería
84134,Sahuaro,Colonia
84134,Las Viguitas,Colonia
84134,Los Janos,Colonia
84134,Agua Escondida,Ranchería
84134,Casa Cristiana Más Que Vencedores,Ejido
84134,Cerro Blanco,Ejido
84134,El Quelital,Ranchería
84134,El Quince (Kilómetro Sesenta),Ranchería
84134,Invernadero Cris-P (Casas Verdes),Zona industrial
84134,Invernadero Santa Fe,Finca
84134,La Bandera Norte (Los Alisos),Ranchería
84134,La Chicolita,Ranchería
84134,Los Alisos (Bellavista),Ranchería
84134,Mesa de la Yegua,Ranchería
84134,Teófilo López (Kilómetro Sesenta),Rancho
84134,San Luis (Cerro Blanco),Ranchería
84135,Babasac,Rancho
84135,Dos Bellotas,Ranchería
84135,El Álamo,Ejido
84135,El Carmen,Ranchería
84135,El Coyote (La Quirugueña),Ranchería
84135,El Oso,Ranchería
84135,El Salto,Ranchería
84135,La Canoíta,Ranchería
84135,La Cantina,Ranchería
84135,La Casa de Piedra,Ranchería
84135,La Cieneguita,Ranchería
84135,La Galera,Ranchería
84135,La Laguna,Ranchería
84135,Las Cruces,Ranchería
84135,Las Palmas,Ranchería
84135,Puerta del Cajón,Ranchería
84136,Campo Carretero,Colonia
84136,El Crucero,Colonia
84136,La Mesa,Colonia
84136,Terrenate,Colonia
84136,Cañada del Diablo,Colonia
84136,Agua Caliente,Ranchería
84136,El Alballar,Ranchería
84136,El Llano,Ejido
84136,El Nogal,Ranchería
84136,El Pantano (Calle los Alisos),Ejido
84136,El Ranchito,Ejido
84136,Pearson,Ranchería
84136,Yerbabuena,Ranchería
84137,El Alamillo,Ranchería
84137,Aguaje el Toro,Ranchería
84137,El Molino,Ranchería
84137,Hierba Buena,Ranchería
84137,La Víbora,Ranchería
84137,Los Picachos,Ranchería
84137,Los Pocitos,Ranchería
84137,Ojo de Agua,Ranchería
84140,Santa Cruz,Pueblo
84147,El Llano,Rancho
84147,Miguel Hidalgo (San Lázaro),Ejido
84150,Milpillas,Pueblo
84160,La Misión Residencial,Fraccionamiento
84160,El Aterrizaje,Colonia
84160,El Estadio,Colonia
84160,Magdalena de Kino,Colonia
84160,Magdalena de Kino Centro,Colonia
84160,Ferrocarril,Colonia
84160,Lomas de Kino,Colonia
84160,Fátima,Colonia
84160,La Madera,Colonia
84160,La Antena,Colonia
84160,La Victoria,Colonia
84160,La Choya,Colonia
84160,El Mirasol,Colonia
84160,El Polvorín,Colonia
84160,García Barragán,Colonia
84160,San Felipe,Colonia
84160,El Mirador,Colonia
84160,Los Rosales,Colonia
84160,San Martin,Colonia
84160,INFONAVIT Kino,Fraccionamiento
84160,Zona Industrial,Zona industrial
84160,Del Río,Fraccionamiento
84160,La Industria,Colonia
84160,Los Álamos,Fraccionamiento
84160,ISSSTESON,Fraccionamiento
84160,Villa Trento,Fraccionamiento
84160,San Javier,Fraccionamiento
84160,Amanecer de Kino,Fraccionamiento
84160,Burócrata,Fraccionamiento
84160,El Palenque,Colonia
84160,Vista Verde,Fraccionamiento
84160,Las Misiones,Fraccionamiento
84160,El Rastro,Colonia
84160,Barrio la Choya de San Ignacio,Rancho
84160,El Centenario,Ranchería
84160,El Cinco,Ranchería
84160,El Cuatro,Ranchería
84160,Nueva Magdalena,Colonia
84160,La Milpa de los Coronados,Ranchería
84164,El Mezquite,Colonia
84164,El Cerro,Barrio
84164,La Galera,Ranchería
84165,San Isidro,Colonia
84167,El Sasabe,Colonia
84170,El Tasícuri,Colonia
84170,San Ignacio,Pueblo
84170,Buenavista,Ranchería
84170,Las Peñitas,Ranchería
84170,Cañada del Corral (Los Anillos),Ranchería
84170,El Alambre,Ranchería
84170,El Echadero,Ranchería
84170,El Manchón de Casas,Ranchería
84170,El Pecado,Ranchería
84170,El Ranchito,Ranchería
84170,El Ranchito,Ejido
84170,Corrales el Mezquite,Ranchería
84170,San Francisco,Hacienda
84170,La Mesa de Bedolla,Ranchería
84170,La Coteña,Ranchería
84170,La Montieleña,Ranchería
84170,La Natalia,Ranchería
84170,La Tésota,Ranchería
84170,La Yaqui,Ranchería
84170,El Vallecito,Ranchería
84170,San Gabriel,Ranchería
84170,De Tomás,Rancho
84170,San Isidro,Ranchería
84170,San Judas,Ranchería
84170,Tierra de los Leones,Ranchería
84170,Valle Verde,Ranchería
84171,El Alamito,Ranchería
84171,La Esperanza,Ranchería
84171,La Jojoba,Ranchería
84171,La Nopalera,Ranchería
84171,Las Cuevitas,Ranchería
84173,El Cúmaro,Ranchería
84173,El Chinal,Ranchería
84173,El Pocito,Ranchería
84173,La Bandera,Ranchería
84173,La Presita,Ranchería
84173,La Tinaja Colorada,Ranchería
84173,La Tinaja Prieta,Ranchería
84173,Las Orquídeas,Ranchería
84173,Los Peñasquitos,Ranchería
84173,Los Pimientos,Ranchería
84173,Los Pozos Viejos,Ranchería
84173,Los Pozos Viejos,Ejido
84173,San Enrique,Ranchería
84173,San Luis,Ranchería
84173,San Manuel,Ranchería
84174,El Álamo,Ranchería
84174,El Cajoncito,Ranchería
84174,El Nopal,Ranchería
84174,El Ojo de Agua,Ranchería
84174,El Potrero,Ranchería
84174,El Vado,Ranchería
84174,El Yeso,Ranchería
84174,La Bellota,Ranchería
84174,Las Caborqueñas,Ranchería
84174,Los Taraises,Ranchería
84174,De Fernando Esquer,Rancho
84174,Santa Amalia,Ranchería
84175,La Misión,Ranchería
84175,San Lorenzo,Ranchería
84175,Agua Blanca,Ranchería
84175,Barrio de los Robles,Ranchería
84175,Los Rosales,Colonia
84175,Campo Peñasco Dorado,Ranchería
84175,Cervantes Aguirre Sony,Ranchería
84175,Chupadero,Ranchería
84175,Los Nogales,Ranchería
84175,San Isidro,Rancho
84175,Corrales el Santo Niño,Ranchería
84175,Santo Niño,Ranchería
84175,El Aguajito,Ranchería
84175,El Alto,Ranchería
84175,El Cajoncito,Ranchería
84175,El Cajoncito,Ejido
84175,San Marcial,Ranchería
84175,El Chasco,Ranchería
84175,El Cuadro,Ranchería
84175,El Nogal,Ranchería
84175,El Ombligo,Ranchería
84175,Juanita Guerrero,Ranchería
84175,El Peñasco,Ranchería
84175,El Peñasco Colorado,Ranchería
84175,El Portón,Ranchería
84175,El Recodo,Rancho
84175,El Recodo,Ejido
84175,El Rincón,Ranchería
84175,El Saucito,Ranchería
84175,El Sauz,Ranchería
84175,El Tapiro,Ranchería
84175,La Pasadita,Ranchería
84175,El Tascalito,Ranchería
84175,El Tejanito,Ranchería
84175,El Tigre,Ranchería
84175,González,Ranchería
84175,El Recodo [Avícola],Ranchería
84175,Santa Regina,Ranchería
84175,Huerta de los Gavino,Ranchería
84175,José Durazo Moreno,Ranchería
84175,La Angostura,Ranchería
84175,La Angostura,Ejido
84175,La Cuesta,Ranchería
84175,La Curva,Ranchería
84175,La Lomita (Buena Vista),Ranchería
84175,Magaña Ortiz,Ranchería
84175,Daniel Peralta,Ranchería
84175,La Mirandeña,Ranchería
84175,Héctor G López,Rancho
84175,Arnulfo Javalera García,Ranchería
84175,Ignacio Contreras,Ranchería
84175,La Tinaja Bonita,Ranchería
84175,La Biznaga,Ranchería
84175,Las Aguilillas,Ranchería
84175,Las Mesteñas,Ranchería
84175,Las Mochas,Ranchería
84175,Las Parrillas,Ranchería
84175,Lizárraga,Ranchería
84175,Familia Romo,Ranchería
84175,Los Caporales,Ranchería
84175,Los Carrillos,Ranchería
84175,Los Morenos,Ranchería
84175,Los Olivos,Ranchería
84175,Casa Blanca,Ranchería
84175,Valenzuela [Partes Usadas],Ranchería
84175,Peñasco San Lorenzo,Ranchería
84175,Pozo Nuevo,Ranchería
84175,Los Bravo,Ranchería
84175,Raúl Osorio,Ranchería
84175,Potrero de Dávila,Ranchería
84175,Enrique Ruiz,Ranchería
84175,Martín Vicente Martínez Pino,Ranchería
84175,Fernando Aguirre,Rancho
84175,Irigoyen,Rancho
84175,Salsipuedes,Ranchería
84175,Javier Islava,Ranchería
84175,Recodo,Ranchería
84175,Óscar Contreras,Ranchería
84175,San Isidro,Ranchería
84175,San Lorenzo la Angostura,Ranchería
84175,La Amapoleña,Ranchería
84175,Santa Elia,Ranchería
84175,Santa Fe,Ranchería
84175,Teodoro Ramírez P,Rancho
84175,Tres Hermanos,Ranchería
84176,La Cebolla,Rancho
84176,El Carrizo,Ranchería
84176,Arturo Mendoza,Ranchería
84176,Austreberto León,Ranchería
84176,Bella Esperanza,Ranchería
84176,Bellavista,Ranchería
84176,Buena Vista,Ranchería
84176,Buenaventura (El Duende),Ranchería
84176,Charco Hondo,Ejido
84176,El Abandonado,Ranchería
84176,El Calichi,Ranchería
84176,El Cúmaro,Ranchería
84176,El Chinito,Ranchería
84176,El Chino,Ranchería
84176,El Chupadero,Ranchería
84176,El Durazno,Ranchería
84176,El Infierno,Ranchería
84176,El Maguey,Ranchería
84176,El Pino,Ranchería
84176,El Pozo Nuevo,Ranchería
84176,El Ranchito,Ranchería
84176,El Represo,Ranchería
84176,El Sacrificio,Ranchería
84176,El Sahuarito,Ranchería
84176,El Sahuaro,Ranchería
84176,El Sauce,Ranchería
84176,El Toji,Ranchería
84176,El Topahui,Ranchería
84176,El Volantín,Ranchería
84176,Esperanza Valle,Ranchería
84176,Francisco Campillo,Ranchería
84176,Fredeberto León,Ranchería
84176,Gutiérrez (La Cebolla),Ranchería
84176,Iván Javier León,Ranchería
84176,Jesús Nacamura,Ranchería
84176,José María Valle Méndez,Ranchería
84176,José Ortega,Ranchería
84176,Juan Pedro Monteverde,Ranchería
84176,La Biznaga,Ranchería
84176,La Cebolla Vieja,Ranchería
84176,La Escondida,Ranchería
84176,La Escondida,Rancho
84176,La Escondida,Ejido
84176,La Gallinera,Ranchería
84176,La Garita,Ranchería
84176,La Granadita,Ranchería
84176,La Jojobita (La Jojoba),Ranchería
84176,La Laguna,Ranchería
84176,La Lomita,Ranchería
84176,La Taza,Ranchería
84176,La Tésota (El Fresno),Ranchería
84176,Las Grullas,Ranchería
84176,Las Playas,Ranchería
84176,Loma Linda,Ranchería
84176,Los Chinos,Ejido
84176,Los Olivos,Ranchería
84176,Los Olmos,Ranchería
84176,Los Pinos,Ranchería
84176,Los Pinos,Ejido
84176,Murrieta,Ranchería
84176,Nanenachi,Ranchería
84176,Rafael Ortega,Ranchería
84176,Franco,Rancho
84176,El Tecolote,Ranchería
84176,Guadalupe,Rancho
84176,Viejo,Rancho
84176,San Agustín,Ranchería
84176,San Francisco,Ranchería
84176,San Francisco II,Ranchería
84176,San Lázaro,Ranchería
84176,San Martín,Ranchería
84176,San Martín,Ejido
84176,Santa Clara,Ranchería
84176,Santa Elena,Ranchería
84176,Tito León,Ranchería
84177,El Chupadero,Ranchería
84177,El Encino,Ranchería
84177,El Jotaiqui,Ranchería
84177,La Compuerta,Ranchería
84177,Las Rastras,Ranchería
84177,López (Arredondo),Rancho
84178,El Aguajito,Ranchería
84178,El Carricito,Ranchería
84178,El Carrizo (Sotomayor),Ranchería
84178,El Mezquite,Ranchería
84178,El Rincón,Ranchería
84178,La Agüita,Ranchería
84178,La Cieneguita,Ranchería
84178,La Cuesta,Ranchería
84178,La Joya,Ranchería
84178,Los Chirriones,Ranchería
84178,Los Nogales,Ranchería
84178,Los Nogales (Los Nogales Viejos),Ranchería
84178,Santa Margarita,Ranchería
84180,Naco Centro,Colonia
84183,San José,Colonia
84184,La Esperanza,Colonia
84184,INFONAVIT del Sol,Colonia
84184,Barrio Nuevo,Colonia
84185,Cerro de la Cruz,Colonia
84185,Industrial,Colonia
84185,Luis Donaldo Colosio,Colonia
84185,Los Encinos,Colonia
84186,Pancho García,Colonia
84186,Santa Cruz,Colonia
84186,Minera,Colonia
84187,Alberto Ledezma,Ejido
84187,José Ángel Romero,Ejido
84187,Ejidal,Colonia
84190,José Ángel Rascón,Ejido
84193,Juan Ramírez,Ejido
84194,La Milpona (Martín Villa),Ranchería
84194,San Pedro,Ranchería
84194,Cuauhtémoc,Ejido
84195,José Arrizón,Ejido
84195,Parcela Bórquez,Ejido
84195,Pancho Bombas,Ejido
84195,Parcela Delgado,Ejido
84195,Parcela Escolar,Ejido
84195,RH (Parcela Robles),Rancho
84196,Corral de Enmedio,Ejido
84196,Los Toros,Ejido
84196,Nogalar,Ejido
84197,El Marly,Ejido
84197,La Huerta,Ejido
84197,La Morita,Rancho
84200,Agua Prieta Centro,Colonia
84210,Ferrocarril,Colonia
84210,Sector Industrial,Colonia
84212,Albergue Divina Providencia,Equipamiento
84213,La Paloma,Fraccionamiento
84213,Los Valles,Fraccionamiento
84213,Palapas Haciendas,Fraccionamiento
84213,Villas de Toscana,Fraccionamiento
84213,Herrería Diamante,Fraccionamiento
84213,Coronado,Fraccionamiento
84213,Paseos del Parque,Fraccionamiento
84213,Carlos de la Madrid,Rancho
84213,Fundación Brazos de Amor,Equipamiento
84213,GM,Rancho
84213,Las Isabeles,Rancho
84213,Petra de Ozorni,Rancho
84213,Tres en Uno (Las Palapas),Equipamiento
84213,Vicente Licea Márquez,Rancho
84214,Puesta del Sol,Fraccionamiento
84214,Sacramento Residencial,Fraccionamiento
84214,Santa Fe,Fraccionamiento
84214,Buenavista,Fraccionamiento
84214,El Campanario,Fraccionamiento
84214,Ligas Madrid,Fraccionamiento
84214,Parque Industrial del Río,Zona industrial
84214,Manuel Valdez Valdez,Rancho
84214,Unión Ganadera,Granja
84215,Centro de Readaptación Social (CERESO),Equipamiento
84215,Martín Rivera Ojeda,Rancho
84220,Militar,Colonia
84230,Villa de Andalucía,Fraccionamiento
84230,Obrera,Colonia
84230,Deportiva,Colonia
84230,INFONAVIT El Alamito,Colonia
84230,Lomas del Sol,Colonia
84230,Valle Bonito,Fraccionamiento
84230,Cueva de los Leones,Colonia
84230,Cerrada San Ángel,Fraccionamiento
84230,Las Praderas,Colonia
84230,Loma Linda,Fraccionamiento
84230,FOVISSSTE,Fraccionamiento
84240,Jesús García,Colonia
84250,Nueva,Colonia
84259,Ejidal,Colonia
84259,Ladrillera,Colonia
84259,Tres Caminos,Colonia
84259,Ladrillera II,Colonia
84259,Solidaridad,Colonia
84260,Vallarta,Colonia
84260,Esperanza,Colonia
84267,Vildosola,Colonia
84267,Instituto Tecnológico de Agua Prieta,Equipamiento
84267,Armando López Nogales,Colonia
84269,Bicentenario,Colonia
84269,Jardines de Bachicuy,Fraccionamiento
84269,Linda Vista,Fraccionamiento
84269,INFONAVIT Industrial,Colonia
84269,Pueblo Nuevo,Colonia
84269,Magisterial,Colonia
84269,Beltrones,Colonia
84269,Ejidal II,Colonia
84269,Buenos Aires,Colonia
84269,Vecinos Unidos,Fraccionamiento
84269,Las Colinas,Colonia
84269,Aribabi,Fraccionamiento
84269,Industrial,Zona industrial
84270,Manuel J Clouthier,Colonia
84270,Acapulco,Colonia
84270,Luis Donaldo Colosio,Colonia
84270,Salsipuedes,Colonia
84270,Burócrata,Colonia
84270,Los Cipreses,Colonia
84270,San Ángel,Colonia
84279,Alto Valle,Fraccionamiento
84279,Campestres,Colonia
84279,Nuevo Progreso,Colonia
84279,Valles Duarte,Fraccionamiento
84279,Bachicuy,Colonia
84279,Club de Tiro El Bajío,Equipamiento
84279,Loreto Sanez Quiroz,Rancho
84279,Familia Mejía,Rancho
84300,Morelos,Colonia
84300,El Fresno,Colonia
84300,El Mezquitalito,Ejido
84300,El Rincón,Ejido
84300,La Cabellera,Ranchería
84300,La Cabellera,Ejido
84300,La Esperanza,Ejido
84300,La Pitahaya,Ejido
84300,La Tinaja,Ranchería
84300,Los Aguajes,Ejido
84300,Los Azogues,Ejido
84300,Los Pinos,Ejido
84300,Molino Quemado,Ejido
84300,Nuevo,Rancho
84300,Salsipuedes,Ejido
84303,Planta de Cal de Agua Prieta,Zona industrial
84303,Abel Acosta Anaya,Ejido
84303,Raymundo Gastelum,Ejido
84303,Alberto Gracía Grijalva,Ejido
84303,Alfonso García Romo,Ejido
84303,La Lechuza,Ejido
84303,Armando Gámez,Ejido
84303,Benito Domínguez Ballesteros,Ejido
84303,Benito Gámez Núñez,Rancho
84303,El Cachanilla,Ejido
84303,Sergio Quijada,Ejido
84303,Doctor Vázquez,Ejido
84303,David Muñoz Orona,Ejido
84303,El Azufre,Ejido
84303,El Cúmaro,Ejido
84303,El Fresnal,Ejido
84303,El Oso,Ejido
84303,El Trece,Ejido
84303,Ernesto Gracia Tena,Ejido
84303,Fernando Ramírez,Ejido
84303,Francisco Ramírez,Ejido
84303,Guillermo Carrillo González,Ejido
84303,Herlinda Celaya Ibarra,Ejido
84303,Jaime Acedo,Ejido
84303,Jesús Moreno,Ejido
84303,Jesús Terán Morales,Ejido
84303,Joaquín Zamudio Ramírez,Ejido
84303,Jorge Leyva Iribe,Ejido
84303,Jorge Nicolás Barra,Ejido
84303,José Manuel Flores Moreno,Ejido
84303,José Ramón Grijalva Jiménez (Kilómetro Cinco),Ejido
84303,Juan Félix Mejía,Ejido
84303,Alfredo Lachica,Ejido
84303,Julia León Molina,Ranchería
84303,La Herradura,Ejido
84303,La Ladrillera,Ejido
84303,La Manga,Ejido
84303,El Fresnal,Rancho
84303,Licenciado Anselmo Murillo,Ejido
84303,Los Cúmaros,Ejido
84303,Los Fresnales,Ejido
84303,Los Janitos,Ejido
84303,Ganadera Flores Moreno,Ejido
84303,Manuel Ortega Morales,Ejido
84303,Mario Ruiz Madrid,Ejido
84303,Miguel Ángel Bermudes,Ejido
84303,Nicolás González,Ejido
84303,Los Amigos,Ejido
84303,Raúl Ortega Morales,Ejido
84303,Ramón Sosa,Ejido
84303,Ramón Tapia,Ejido
84303,Bacaparra,Rancho
84303,Katib,Rancho
84303,El Fresnal,Ranchería
84303,Nuevo el Cachetón,Rancho
84303,El Greco,Ejido
84303,Cinco Estrellas,Rancho
84303,Represo,Ejido
84303,Ricardo Cornídez,Ejido
84303,Ricardo Dórame Madrid (Kilómetro Trece),Ejido
84304,Mina el Llantas,Zona industrial
84304,Campo Verde,Ejido
84304,Corralón Federal,Ejido
84304,El Alamito,Ejido
84304,El Álamo,Ejido
84304,El Camionero [Restaurante],Ejido
84304,El Nogalito,Ejido
84304,El Sauce,Ejido
84304,Jorge Félix,Ejido
84304,Francisco Adarga Yáñez,Ejido
84304,Ignacio Anguiano,Ejido
84304,La Gloria,Ejido
84304,La Piedra,Ejido
84304,Catalina,Ejido
84304,La Puerta Negra,Ejido
84304,La Rancheta del Alamito,Ejido
84304,La Victoria,Ejido
84304,Juan Carlos Ochoa Valenzuela,Ejido
84304,Las Cenizas,Ejido
84304,Las Eloísas (El Papalote),Ejido
84304,Laser Night Club,Ejido
84304,Los Alamitos,Ejido
84304,Los Altos,Ejido
84304,Marcelo Rascón,Ejido
84304,El Mirador,Ejido
84304,Familia Zamarrón,Ejido
84304,La Piedra Bola,Ejido
84304,Plaza Ortiz,Ejido
84304,Familia López Ríos,Ejido
84304,Roberto Salcido Cano,Ejido
84304,San Antonio,Ejido
84304,San Francisco,Ejido
84304,Dávila [Taller],Ejido
84304,Yunque Antonio Hernández,Ejido
84305,Cabullona,Ejido
84305,Avitia,Ejido
84305,El Papalote,Ejido
84305,El Porvenir,Ejido
84305,El Porvenir (Munguía),Ejido
84305,El Santo Niño,Ejido
84305,El Veinticinco,Ejido
84305,Las Peñas,Ejido
84306,Los Chinos,Ranchería
84306,El Rusbayo,Ejido
84306,El Alisal,Rancho
84306,La Ciénega,Ejido
84306,La Junta de los Ríos,Ejido
84306,La Malia,Rancho
84306,La Sota,Ejido
84306,Las Águilas,Ejido
84306,Las Agujas,Ejido
84306,Los Chinos,Ejido
84306,Seco,Rancho
84306,San Antonio,Ejido
84306,San Francisco,Ejido
84306,San Isidro (El Bacatete),Ejido
84307,Agua Blanca,Ejido
84307,El Ojito,Rancho
84307,El Alamito,Ejido
84307,El Mojón,Ejido
84307,El Pozo,Ejido
84307,El Pozo (San Juan),Ejido
84307,La Tinaja,Rancho
84307,Los Almireces,Ejido
84310,18 de Agosto (Corral de Palos),Ejido
84310,Seca,Ejido
84310,Cuchuverachi,Ejido
84310,El Gis (El Fist),Ejido
84310,Las Anitas,Ejido
84310,Mesa de la Víbora,Ejido
84310,Ramón Oquita Montenegro (La Cieneguita),Ejido
84310,Gallardo,Rancho
84310,San Bernardino,Ejido
84313,Adán Zorilla,Ejido
84313,Atilano Barrón,Ejido
84313,El Diablo,Ejido
84313,El Nogalito,Rancho
84313,El Potrero Seco,Ejido
84313,Los Ojos Calientes,Rancho
84313,Puerta Blanca,Ejido
84314,El Pinito,Ejido
84314,El Valle,Ejido
84314,Estación Cuarentenaria,Ejido
84314,Las Barras,Ejido
84314,Puerto San Luis (Restaurante),Ejido
84314,Nuevo,Rancho
84315,El Capadero,Ejido
84315,El Hucaral,Ejido
84315,El Papalote Mocho,Rancho
84315,El Tapila,Ejido
84315,Enrique Amador Camacho,Ejido
84315,Enrique Amador Camacho (El Cajón Bonito),Rancho
84315,La Sota,Ejido
84315,La Vinata,Rancho
84315,La Virgen,Rancho
84315,Los Chirriones,Rancho
84315,Los Embudos,Ejido
84315,Los Embudos,Ranchería
84315,Los Embudos,Rancho
84315,Santa Cecilia,Ejido
84316,El Alisal,Rancho
84316,El Sale,Ejido
84316,La Pistola,Rancho
84316,Los Álamos,Rancho
84316,Los Jabalíes,Rancho
84316,Pitaycachi,Ejido
84317,Bella Vista,Ejido
84317,El Apache,Ejido
84317,De las Borregas,Rancho
84317,Grande,Rancho
84318,El Represito,Rancho
84318,Pan Duro,Rancho
84320,Balcón,Colonia
84320,Ferrocarril,Colonia
84320,Molino,Colonia
84320,Yaqui,Colonia
84320,El Edén,Ranchería
84320,El Ojo de Agua,Ranchería
84320,La Junta,Ejido
84320,Las Juntas (La Bajadita),Ranchería
84320,Ojo de Agua,Ranchería
84320,Puente Grande (El Puente),Ranchería
84320,Ladrillera,Colonia
84320,Los Girasoles,Colonia
84320,Fronteras Centro,Colonia
84320,Ejidal,Colonia
84324,Baltazar,Ranchería
84324,Cañada de las Sandías (Las Delicias),Ranchería
84324,El Cajoncito,Ranchería
84324,El Malacate,Ranchería
84324,El Mezquite,Ranchería
84324,Juribana,Ranchería
84324,La Mesa,Ranchería
84324,La Morena,Ranchería
84324,La Tinaja,Ejido
84324,Las Borregas,Ranchería
84324,Las Higueras,Ranchería
84324,Los Berrendos,Ranchería
84324,Tomás Romero (Agua de los Caballos),Ranchería
84325,Buenavista,Ranchería
84325,Carretillas,Ranchería
84325,Cerro Blanco,Ranchería
84325,Cerro Colorado,Ranchería
84325,Chupadero,Ranchería
84325,Corodehuachi,Ranchería
84325,Cuatro Hermanos,Ranchería
84325,Cuchuta,Ranchería
84325,Miguel Sánchez Adame,Ejido
84325,El Bejucal,Ranchería
84325,El Borbollón (El Represo),Ranchería
84325,El Chapulín,Ranchería
84325,El Gallo,Ranchería
84325,El Nogal,Ranchería
84325,El Pinito,Ranchería
84325,El Pino,Ranchería
84325,El Tanque,Ranchería
84325,La Isla,Ranchería
84325,La Paloma,Ranchería
84325,La Perinola,Ranchería
84325,La Reforma,Ranchería
84325,Las Pompitas,Ranchería
84325,Los Baños,Ranchería
84325,Los Chupaderos,Ranchería
84325,Los Gavilanes,Ranchería
84325,Mababi,Ranchería
84325,Nuevo,Rancho
84325,San Isidro,Ranchería
84325,San Miguelito,Ranchería
84325,La Paloma Campestres,Fraccionamiento
84325,Cuquiarachi,Ranchería
84326,Agua Don Pablo,Ranchería
84326,Buenavista,Ranchería
84326,Cerro Prieto Dos,Ranchería
84326,Cerro Prieto Uno,Ranchería
84326,El Bámori,Ranchería
84326,El Búfalo,Ranchería
84326,El Caracol,Ranchería
84326,El Peñasco,Ranchería
84326,El Pirito,Ranchería
84326,El Saucito,Ranchería
84326,El Toro,Ranchería
84326,La Boca,Ranchería
84326,La Ciénega,Ranchería
84326,La Isla,Ranchería
84326,La Zapa,Ranchería
84326,Las Polleras,Ranchería
84326,Loma Suelta,Ranchería
84326,Los Álamos,Ranchería
84326,Los Alisos,Ranchería
84326,Los Atolillos,Ranchería
84326,Los Atolillos II,Ranchería
84326,Magallanes,Ranchería
84326,Algarrobos,Rancho
84326,Los Gatos,Rancho
84326,San Antonio,Ranchería
84326,San Antonio Dos,Ranchería
84326,San Joaquín,Ranchería
84326,San Rafael,Ranchería
84326,Santa Rosa,Ranchería
84326,Kilómetro Cuarenta y Siete,Ejido
84327,Adolfo Ruíz Cortínez,Ranchería
84327,Ajos del Norte,Ranchería
84327,Badehuachi,Ranchería
84327,El Destierro,Ranchería
84327,El Encino (Milpa los García),Ranchería
84327,El Gavilán,Ranchería
84327,El Güereguito,Ranchería
84327,El Indito,Ranchería
84327,El Nacimiento,Ranchería
84327,El Vadito,Ranchería
84327,La Amnistía,Ranchería
84327,La Cueva de Elías,Ranchería
84327,La Joya,Ranchería
84327,La Junta,Ranchería
84327,La Mesa Bonita de Lares,Ranchería
84327,La Puerta,Ranchería
84327,La Puerta,Ejido
84327,Las Angelitas,Ranchería
84327,Las Anitas,Ranchería
84327,Las Glorias,Ranchería
84327,Las Lías,Ranchería
84327,Los Alisos,Ranchería
84327,Los Fresnos,Ranchería
84327,Puente de Fierro,Ranchería
84327,San Benardino (La Roqueña),Ranchería
84328,Abraham Hernández,Ranchería
84328,Alisos de Batana (Los Alisos),Ranchería
84328,Batana (Rancho Nuevo),Ranchería
84328,El Álamo,Ranchería
84328,El Bajadero,Ranchería
84328,El Capulín,Ranchería
84328,El Chalet (Las Sandías),Ranchería
84328,El Jarazo,Ranchería
84328,El Paredón Colorado,Ranchería
84328,El Potrerón,Ranchería
84328,El Pozo,Ranchería
84328,El Ranchito,Ranchería
84328,El Rinconcito,Ranchería
84328,El Soldado,Ranchería
84328,El Taraisal,Ranchería
84328,El Vigía,Ranchería
84328,La Bellota,Ranchería
84328,La Bloquera,Ranchería
84328,La Ciénega,Ranchería
84328,La Escondida,Ranchería
84328,La Higuerita,Ranchería
84328,La Milpa de Copetillo,Ranchería
84328,La Pera,Ranchería
84328,La Puerta,Ranchería
84328,Las Sandías,Ranchería
84328,Los Alisos,Ranchería
84328,Los Olmos,Ranchería
84328,Martín Hernández,Ranchería
84328,Mesa de la Valdeza,Ranchería
84328,Milpa Dolores Amaya,Ranchería
84328,Milpa los Lara,Ranchería
84328,Minera Pavo Real,Ranchería
84328,Vado,Ranchería
84328,Turicachi,Ejido
84330,Esqueda Centro,Colonia
84333,Ejidal,Colonia
84333,INFONAVIT,Colonia
84333,Gilberto Luna,Colonia
84333,Laguna,Colonia
84333,Los Álamos,Colonia
84334,Minera,Colonia
84334,El Álamo,Ranchería
84334,Aterrizaje,Colonia
84334,La Madrid,Colonia
84334,Ladrilleras,Colonia
84334,Lomas Altas,Colonia
84334,Mesa Bonita,Colonia
84334,Santa Fe,Colonia
84334,Sud Pacífico,Colonia
84335,Del Río,Colonia
84335,Valle,Colonia
84336,El Gallo,Colonia
84336,El Bajío,Colonia
84340,Las Torres,Colonia
84340,Alamito Bajo,Colonia
84340,Alamito Alto,Colonia
84340,Solidaridad,Colonia
84340,Presidentes,Colonia
84340,Alameda,Colonia
84340,Americana,Colonia
84340,Beltrones,Colonia
84340,Buenos Aires,Colonia
84340,El Asilo,Colonia
84340,El Fortín,Colonia
84340,El Seis,Barrio
84340,Gómez Morín,Colonia
84340,Jesús García,Colonia
84340,Kilómetro Seis,Colonia
84340,La Sirena,Colonia
84340,Las Milpitas,Colonia
84340,Libertad,Colonia
84340,Linda Vista,Colonia
84340,Loma Bonita,Colonia
84340,Los Álamos,Colonia
84340,Los Tres Álamos,Colonia
84340,Luis Donaldo Colosio,Colonia
84340,Magisterial,Colonia
84340,Melchor Ocampo,Colonia
84340,Nuevo,Colonia
84340,Nuevo Horizonte,Colonia
84340,Oaxaca,Colonia
84340,Oposura,Colonia
84340,Rastro Viejo,Colonia
84340,Rodolfo Félix Valdéz,Colonia
84340,Vicente Fox,Colonia
84340,Nacozari de García Centro,Colonia
84340,La Angostura,Zona industrial
84340,Cantera 2,Colonia
84340,Cantera 1,Colonia
84340,Puesta Del Sol,Colonia
84340,Lomas Nuevas,Colonia
84340,Lomas de Nacozari,Colonia
84340,Olas Altas,Colonia
84340,Tepupa,Colonia
84345,El Tajo,Colonia
84346,La Caridad (Fracción G),Colonia
84346,Los Pilares de Nacozari,Ejido
84346,Satélite Tres,Colonia
84347,El Ranchito,Colonia
84347,El Abanico,Colonia
84347,El Globo,Colonia
84348,Nacozari Viejo,Ejido
84349,Santo Domingo,Ejido
84360,Bavispe,Pueblo
84363,Cruz de Tamaya,Ranchería
84363,El Carricito,Ranchería
84363,El Fuste,Ranchería
84363,El Jucaral,Ranchería
84363,La Calera,Ranchería
84363,La Matancita,Ranchería
84364,El Batamote,Ranchería
84364,El Encino,Ranchería
84364,El Rincón de la Sal,Ranchería
84364,La Bellota Uno,Ranchería
84364,La Chaparrosa,Ranchería
84364,Lote de Sonora,Ranchería
84365,San Miguelito,Pueblo
84365,Arroyo la Cañada,Ranchería
84365,El Agua Caliente,Ranchería
84365,El Aterrizaje,Ranchería
84365,El Realito,Ranchería
84365,El Transval,Ranchería
84365,La Batea,Ranchería
84365,La Cueva,Ranchería
84365,La Laborcita,Ranchería
84365,La Misión,Ranchería
84365,La Nopalera,Ranchería
84365,La Vinata,Ranchería
84365,Nogahuas,Ranchería
84365,Ojo de Monte,Ranchería
84365,Nuevo,Rancho
84365,Tierras del Callejón,Ranchería
84366,La Galerita,Rancho
84366,Callejón de San Francisco,Ranchería
84366,Casa Blanca,Ranchería
84366,El Durazno,Ranchería
84366,El Llano,Ranchería
84366,El Salto,Ranchería
84366,La Cañada,Ranchería
84366,La Cruz,Ranchería
84366,La Galera,Ranchería
84366,Las Delicias,Ranchería
84366,Pueblo Nuevo,Granja
84366,San Francisco,Ranchería
84366,San José de la Galera,Ranchería
84367,Los Otates de Medina,Ranchería
84370,La Cueva,Ranchería
84370,Oaxaca,Ranchería
84373,La Mezcalera,Ranchería
84373,Los Alisos,Ranchería
84374,Barrios,Ranchería
84374,Chinoverachi,Ranchería
84374,El Membrillo,Ranchería
84374,El Morado,Ranchería
84374,La Estrella,Ranchería
84374,La Mora,Pueblo
84374,Los Nogales,Ranchería
84374,Milpillas,Ranchería
84374,Tafer [Campamento],Ranchería
84374,Tasabiri,Ranchería
84375,La Pita,Ranchería
84376,El Texano,Ranchería
84376,Las Mayitas,Ranchería
84377,Aguaje del Mariscal,Ranchería
84377,El Toro,Ranchería
84377,La Vega Azul,Ranchería
84377,Las Carpitas,Ranchería
84377,Las Riveras,Ranchería
84377,Los Caballos,Ranchería
84377,Pilares de Teras,Ranchería
84380,Bacerac Centro,Colonia
84390,Ciénega de Horcones,Ejido
84390,El Porvenir,Rancho
84390,El Campito,Ranchería
84390,La Lluvia,Ranchería
84390,La Ramada,Ranchería
84390,La Tinaja,Ranchería
84390,Las Cuevas Coloradas,Ranchería
84390,Agua Fría,Ranchería
84393,Basucumachi,Ranchería
84393,El Bajío del Oso,Ranchería
84393,El Molino,Ranchería
84393,El Ranchito,Ranchería
84393,La Batea,Ranchería
84393,La Misión (Tierras de Labor),Ranchería
84393,La Palmillera,Ranchería
84393,Las Ventanitas,Ranchería
84393,Los Alisos,Ranchería
84393,Mechapa,Ranchería
84393,Mechapa,Ejido
84393,Tamichopa,Ranchería
84393,Tres Luces,Ranchería
84393,Teramochi,Ranchería
84394,El Nogal,Ranchería
84394,El Quemado,Ranchería
84394,El Saucito,Ranchería
84394,La Carrera,Ranchería
84394,La Joya,Ranchería
84394,La Venadita,Ranchería
84394,Las Chivas,Ranchería
84394,Las Tierritas,Ranchería
84394,San Juan,Ranchería
84395,Ciénega Baja,Ranchería
84395,Dos Cabezas,Ranchería
84395,El Americano,Ranchería
84395,El Bonito,Ranchería
84395,El Borrego,Ranchería
84395,El Cable,Ranchería
84395,El Cajón de Elías,Ranchería
84395,El Caprín,Ranchería
84395,El Gavilán,Ranchería
84395,El Medio,Ranchería
84395,El Pinalito (Fracción Este),Ranchería
84395,El Porvenir,Ranchería
84395,Jaquiverachi,Ranchería
84395,La Cueva,Ranchería
84395,La Cueva,Ejido
84395,La Joya,Ranchería
84395,Las Águilas,Ranchería
84395,Las Cantelas,Ranchería
84395,Las Carboneras,Ranchería
84395,Las Moctezumas,Ranchería
84395,Santo Niño,Ranchería
84395,Siboneyes,Ranchería
84395,San José de los Pozos,Rancho
84396,El Huaragua,Ranchería
84396,La Boquilla,Ranchería
84396,La Cieneguita,Ranchería
84396,La Estancia,Ranchería
84396,La Joya,Ranchería
84396,Las Higueritas,Ranchería
84396,San Pedro,Ranchería
84397,El Leoncito,Ranchería
84397,La Junta,Ranchería
84397,San Isidro,Ranchería
84400,Huachinera Centro,Colonia
84403,La Calera,Barrio
84404,Cerrito el Calvario,Barrio
84405,La Higuera,Barrio
84406,Bacatete,Barrio
84407,Tacuba,Barrio
84415,Juribana,Ranchería
84427,Aribabi,Ejido
84440,Nácori Chico,Pueblo
84445,El Sauz,Colonia
84446,Buena Vista,Colonia
84447,Tecoriname,Ejido
84450,La Mesa Tres Ríos,Ejido
84460,Granados,Pueblo
84480,Bacadéhuachi Centro,Colonia
84483,San Martín,Colonia
84484,San Juan,Colonia
84485,San Marcos,Colonia
84486,San Luis,Colonia
84493,El Coyote,Ranchería
84493,El Saucito,Ranchería
84493,Huérigo II,Ranchería
84493,Los Taraices,Ranchería
84493,Pie de la Cuesta (Maternon),Ranchería
84493,El Coyote,Rancho
84493,San Juan,Ranchería
84494,La Galera,Ranchería
84494,La Palmita,Rancho
84495,El Guacora (Francisco Figueroa),Ranchería
84495,La Morita,Rancho
84496,Saucito,Rancho
84500,Cumpas Centro,Colonia
84503,Norte,Colonia
84504,La Loma,Colonia
84504,Nuevo Sonora,Colonia
84505,Los Mochis,Barrio
84505,Nuevo,Colonia
84506,Pedregoza,Colonia
84507,Los Huitos,Colonia
84510,Álvaro Obregón Sur,Ranchería
84510,El Tápiro (La Puerta del Sol),Ranchería
84510,Los Ventura,Ranchería
84510,Kilómetro Cinco (Álvaro Obregón),Pueblo
84510,Bella Esperanza,Ejido
84513,Agua Caliente,Ranchería
84513,Las Reynas,Ranchería
84513,Los Hoyos (Colonia Sur),Ranchería
84513,Monte del Toro,Ranchería
84513,Campo San Antonio,Ranchería
84513,Los Hoyos,Pueblo
84514,El Valle (Colonia el Valle),Ranchería
84514,Jesús Manuel Urías,Rancho
84516,El Ranchito,Ranchería
84516,El Rodeo,Ranchería
84516,Las Hornillas,Ranchería
84517,La Cieneguita,Ranchería
84520,Héctor Montaño,Rancho
84520,Tierras Prietas,Rancho
84520,Ojo de Agua,Pueblo
84524,Batecorababi,Ranchería
84524,La Colonia,Pueblo
84524,Jécori,Pueblo
84524,Teonadepa,Pueblo
84525,El Limón,Ranchería
84525,El Tochi (Jesús Chávez),Ranchería
84526,Cumubabi (El Verde),Ranchería
84527,El Consuelo,Ranchería
84530,Huásabas Centro,Colonia
84533,Buscuchi,Colonia
84534,Nuevo,Colonia
84535,Basuchon,Colonia
84536,La Isla,Colonia
84560,Moctezuma,Colonia
84563,Coplamar,Colonia
84563,La Loma,Colonia
84563,Samuel Ocaña,Colonia
84564,La Joya,Colonia
84564,San Martín,Colonia
84564,Las Cruces,Colonia
84565,El Parian,Colonia
84566,Las Liebres,Colonia
84566,Lomas del Pedregal,Colonia
84566,El Ranchito,Colonia
84567,La Pila,Colonia
84567,Reforma,Colonia
84567,Nueva Reforma,Colonia
84567,Las Vegas,Colonia
84573,Nícora,Ranchería
84573,San Patricio de la Mesa,Hacienda
84576,El Llano,Rancho
84576,El Llano,Ranchería
84576,San Clemente de Terapa,Ejido
84580,Villa Hidalgo,Pueblo
84583,San Juan del Río,Ejido
84600,El Rincón,Colonia
84600,Kennedy,Colonia
84600,Niños Héroes,Colonia
84600,San Isidro,Colonia
84600,Santa Cecilia,Colonia
84600,Santa Rita,Colonia
84600,Villa Bonita,Colonia
84600,Santa Ana Centro,Colonia
84600,Bellavista,Colonia
84600,Kilómetro 106,Colonia
84600,INFONAVIT,Colonia
84600,El Mirador,Colonia
84600,La Loma,Colonia
84600,Los Arcos,Colonia
84600,Fátima,Colonia
84600,El Polvorín,Barrio
84600,Las Playitas,Colonia
84600,Microondas,Barrio
84600,3 Imágenes,Colonia
84600,V 8,Colonia
84600,La Terracita,Colonia
84600,Del Rio,Colonia
84600,FOVISSSTE,Colonia
84600,Lomas de Santa Ana,Colonia
84600,La Granja,Colonia
84601,El Pantanito,Pueblo
84602,Santa Martha,Ejido
84603,La Cieneguita,Ranchería
84603,Santa Ana Viejo,Colonia
84607,La Polvadera,Rancho
84607,Coyotillo Sur,Rancho
84610,La Carleña Dos,Rancho
84610,La Carleña,Ranchería
84610,El Claro,Pueblo
84610,Santa Rita,Ranchería
84617,Estación Llano,Pueblo
84620,Heroica Ciudad de Cananea Centro,Colonia
84622,Cananea Vieja,Colonia
84622,El Peñascal,Colonia
84622,El Llanito,Colonia
84622,El Volteadero,Colonia
84622,Mesa de Garibay,Colonia
84622,Petroleros,Colonia
84622,Leyes de Reforma I,Colonia
84622,Barrilito,Colonia
84622,La Estación,Colonia
84622,Petroleros 2,Colonia
84623,Las Lomas Residencial,Fraccionamiento
84623,Parque Tamosura,Zona comercial
84623,Villas de Cananea,Colonia
84623,Burócrata,Colonia
84623,Lindavista,Colonia
84623,Minera Sección II,Colonia
84623,Industrial,Colonia
84623,Minera Sección I,Colonia
84623,Mártires de Cananea,Colonia
84623,Agropecuaria,Colonia
84623,Valle Del Cobre,Colonia
84623,Los Hangares,Colonia
84623,Valle Grande,Colonia
84623,Santa Teresa,Colonia
84623,Leyes de Reforma II,Colonia
84623,Nuevo Cananea,Colonia
84623,Napoleón Gómez Zada,Colonia
84623,El Dorado,Colonia
84623,Boulevard,Colonia
84623,Río Blanco,Colonia
84623,La Empacadora,Colonia
84623,Nuevo Buenavista,Colonia
84623,Valle Dorado,Colonia
84623,Magisterio,Colonia
84623,1 de Junio,Colonia
84623,Zona de Tolerancia,Barrio
84623,Fucuy,Colonia
84624,El Ronquillo,Colonia
84624,Mesa Sur,Colonia
84624,Planta Nueva,Colonia
84624,Ayuntamiento,Colonia
84624,El Romerillo,Colonia
84624,Campestre,Colonia
84624,Los Pinos,Colonia
84624,Recintos del Cobre,Colonia
84624,Campestre Oriente,Colonia
84624,Tres Marías,Colonia
84624,Estadio,Colonia
84624,San Isidro,Colonia
84624,Cementerio Viejo,Colonia
84624,Santo Niño,Colonia
84624,El Hoyo,Colonia
84624,Monarca,Colonia
84624,Mesa Norte,Colonia
84624,Correo,Colonia
84624,El Green,Colonia
84624,Fortín,Colonia
84624,El Faro,Colonia
84624,La Matanza,Ranchería
84625,Las Tres Puertas,Ranchería
84630,José María Morelos y Pavón (Sauceda),Ejido
84630,Antonio Córdova,Ranchería
84630,Casa Blanca,Ranchería
84630,Corral de Enmedio,Ranchería
84630,El Águila,Ranchería
84630,Estación Sauceda,Ranchería
84630,La Cieneguita,Ranchería
84630,La Misión,Ranchería
84630,Las Gaviotas,Ranchería
84630,Las Nutrias,Ranchería
84630,Linda Vista,Ranchería
84630,Los Caballos [Potreros],Ranchería
84630,Los Tejabanes,Ranchería
84630,Mi Ranchito (El Piojito),Ranchería
84630,Ranchito Escondido,Ranchería
84630,San Juan,Ranchería
84630,Brena,Rancho
84630,San Rafael,Ranchería
84630,Sauceda,Ranchería
84633,Cuitaca,Ranchería
84633,Vicente Guerrero,Ejido
84633,Cananeíta,Ranchería
84633,Parque Industrial de Cananea,Zona industrial
84633,Coplamar,Ranchería
84633,El Álamo,Ranchería
84633,El Establo,Ranchería
84633,El Mirador,Ranchería
84633,El Pinal,Ranchería
84633,El Pinalito,Ranchería
84633,El Ranchito,Ranchería
84633,La Mariquita (Rancho Nuevo),Rancho
84633,La Milpa (El Uno),Ranchería
84633,La Planilla,Ranchería
84633,Las Cabañitas,Ranchería
84633,Las Gallinas,Ranchería
84633,Las Peñitas,Ranchería
84633,Los Alisos,Ranchería
84633,Los Alisos,Ejido
84633,Los Campitos,Ranchería
84633,Tordillo,Ranchería
84633,Unión Ganadera Local de Cananea,Ranchería
84634,Ignacio Zaragoza (La Mesa),Ejido
84634,Emiliano Zapata,Ejido
84634,Cañón de Evans,Ranchería
84634,Corrales el Toro,Ranchería
84634,El Cinco (Divisaderos),Ranchería
84634,El Papalote,Ranchería
84634,El Quemado,Ranchería
84634,El Rincón del Burro,Ranchería
84634,El Sauz,Ranchería
84634,El Uno,Ranchería
84634,La Joya Norte,Ranchería
84634,La Laguna,Ranchería
84634,La Laguna los Patos,Ranchería
84634,La Puerta de Cuquiarichi,Ranchería
84634,Las Cabañas,Ranchería
84634,Los Álamos,Ranchería
84634,Los Chontes,Ranchería
84634,Los Dos Arbolitos (El Mavaris),Ranchería
84634,Los Olivos,Ranchería
84634,Villa Verde,Ranchería
84635,Cañada Ancha,Ranchería
84635,Cañón de Evans (El Salto),Ranchería
84635,El Alacrán,Ranchería
84635,El Alazán,Ranchería
84635,El Caracol (Carranza),Ranchería
84635,El Caracol (Roberto Corella),Ranchería
84635,El Miller,Ranchería
84635,El Pozo,Ranchería
84635,Jenoverachi,Ranchería
84635,La Churea,Ranchería
84635,La Gloria,Ranchería
84635,La Mexicana,Ranchería
84635,La Mora,Ranchería
84635,La Puerta del Bellotal (El Bellotal),Ranchería
84635,La Virgen (Los Galindo),Ranchería
84635,Las Moras,Ranchería
84635,Los Ajos Viejos,Ranchería
84635,Los Conejos,Ranchería
84635,Los Gallegos,Ranchería
84635,Los Paredones,Ranchería
84635,Los Tecolotes,Ranchería
84635,Ojo de Agua,Ranchería
84635,Ojo de Agua de Arvallo,Ranchería
84635,Ojo de Agua de Arvallo (Salsipuedes),Ranchería
84635,Puerta el Alacrán,Ranchería
84636,Agua Caliente,Ranchería
84636,Agua del Potrillo (Aguaje el Potrillo),Ranchería
84636,Casa de Lámina,Ranchería
84636,El Álamo,Ranchería
84636,El Chiltepín,Ranchería
84636,El Chorro,Ranchería
84636,El Mezquite,Ranchería
84636,La Bellota,Ranchería
84636,La Cieneguita,Ranchería
84636,La Colorada,Ranchería
84636,La Morita,Ranchería
84636,La Puerta del Bellotal,Ranchería
84636,La Tinaja,Ranchería
84636,Las Palomas,Ranchería
84636,Los Alisos,Ranchería
84636,Los Pozos Cuates,Ranchería
84636,Palo Quemado (El Quemado),Ranchería
84636,Puerta el Encanto,Ranchería
84636,San Carlos,Ranchería
84636,Sotolar,Ranchería
84636,Tres Sabinas,Ranchería
84637,16 de Septiembre (Los Nogales),Ejido
84637,Bajío Bonito,Ranchería
84637,Cerro Blanco,Ranchería
84637,Cowboy,Ranchería
84637,Dos Cowboy,Ranchería
84637,El Chifón,Ranchería
84637,La Hacienda (Los Nogales),Ranchería
84637,Las Gallinas,Ranchería
84637,Los Alisos,Ejido
84637,Los Tepetatitos,Ejido
84637,Ojo de Piedra,Ejido
84637,Ojo de Pima (El Cinco),Ejido
84637,San Isidro Dos,Ranchería
84637,San Isidro Uno,Ranchería
84637,San Juan,Ranchería
84637,Tepetates,Ranchería
84640,Arizpe Centro,Colonia
84640,El Alamito,Colonia
84640,La Loma,Colonia
84640,Pueblito de Ures,Colonia
84640,Nuevo Arizpe,Colonia
84650,Tahuichopa,Ranchería
84650,Bacanuchi,Pueblo
84650,Depachi Tres,Ranchería
84650,Depachi Uno,Ranchería
84650,El Basimachi de Chinapa,Ranchería
84650,El Bruno,Ranchería
84650,El Charco,Ranchería
84650,El Diablo,Ranchería
84650,El Durazno Uno,Ranchería
84650,El Molino de Bacanuchi,Ranchería
84650,El Pescado,Rancho
84650,El Rodeo,Ranchería
84650,El Tronconal,Ranchería
84650,Granaditas de Bacanuchi,Ranchería
84650,La Cañada,Rancho
84650,La Granja,Rancho
84650,La Nueva Colonia de Chinapa (La Colonia),Ranchería
84650,La Poltrona,Ranchería
84650,La Providencia (El Bruno),Ranchería
84650,La Puerta (El Puertón),Ranchería
84650,La Rinconada,Ranchería
84650,La Virgen,Ranchería
84650,Las Piedras de Lumbre,Ranchería
84650,Los Tablones,Ranchería
84650,Los Vallecitos,Ranchería
84650,Ranchito Madero,Rancho
84650,San Nicolás,Ranchería
84650,Santa Elena,Ranchería
84650,Setadehuachi,Ranchería
84653,El Águila (Las Águilas),Ranchería
84653,El Barril,Ranchería
84653,El Derrumbadero,Ranchería
84653,El Tubito,Ranchería
84653,La Fortuna,Ranchería
84653,Las Ánimas,Ranchería
84653,Ojo de Agua Bacanuchi,Ranchería
84653,Pozo Nuevo,Ranchería
84653,San Antonio,Ranchería
84654,Agua Caliente,Ranchería
84654,Campo Frío,Ranchería
84654,Derrepente (De Pellat),Ranchería
84654,El Derrepente,Ranchería
84654,El Socavón,Ranchería
84654,El Testerazo,Ranchería
84654,El Yeso,Ranchería
84654,La Cieneguita,Ranchería
84654,La Labor,Rancho
84654,La Tinaja,Ranchería
84655,El Babiso,Ranchería
84655,El Cumaral,Ranchería
84655,El Picacho (Tierras Prietas),Rancho
84655,El Valle,Ranchería
84655,Tehuachi,Ranchería
84656,Bamori,Ejido
84656,Sinoquipe,Pueblo
84656,Agua Caliente (De Carrillo),Ranchería
84656,Baparimaca,Ranchería
84656,Bavicanora,Ranchería
84656,Casa de Piedra,Ranchería
84656,Crisanto,Ranchería
84656,Crisanto (De Barrios),Ranchería
84656,El Alamito,Ranchería
84656,El Álamo (Letrero),Ranchería
84656,El Basimachi,Ranchería
84656,El Chiltepín,Ranchería
84656,El Comichi,Ranchería
84656,El Guarisivachi,Ranchería
84656,El Jova,Ranchería
84656,El Matadero,Ranchería
84656,El Molino de Bamori,Ranchería
84656,El Ranchito,Ranchería
84656,El Rebaje,Ranchería
84656,El Sombrero,Ranchería
84656,El Tepiri,Ranchería
84656,Jitisorachi (Fernando Rosas),Ranchería
84656,Jitisorachi Dos,Ranchería
84656,Jitosorachi (De Montoya y Ruiz),Ranchería
84656,La Cañada del Horno,Ranchería
84656,La Capilla de Tetuachi,Ranchería
84656,La Guitarra,Ranchería
84656,La Huerta Grande,Ranchería
84656,La Vinatería,Ranchería
84656,Las Cendraditas,Ranchería
84656,Las Hornillas,Rancho
84656,Las Peñitas,Ranchería
84656,Los Nogalitos (El Nogalito),Rancho
84656,Los Placeritos,Ranchería
84656,Molino Viejo,Ranchería
84656,Peñasco Alto,Ranchería
84656,Pueblo Viejo,Rancho
84656,San Ignacio,Ranchería
84657,Chinapa,Pueblo
84657,Buenavista,Colonia
84657,Basochuca,Ranchería
84657,Campo Colorado,Ranchería
84657,Comateto,Ranchería
84657,El California (La Cuesta),Ranchería
84657,El Mezquitalito,Ranchería
84657,El Molino de Buenavista (El Molino),Ranchería
84657,El Nogal,Ranchería
84657,El Pantanito,Ranchería
84657,El Sacrificio,Ranchería
84657,El Salsipuedes,Ranchería
84657,El Socorro,Ranchería
84657,Huepaverachi,Ranchería
84657,La Bolita (La Bolita de Chinapa),Ranchería
84657,La Galera,Rancho
84657,La Huerta (Basochuca),Ranchería
84657,Las Cuevitas,Ranchería
84657,Las Pajareras,Ranchería
84657,San Pedro,Ranchería
84657,Santa Rosa Nuevo,Ranchería
84660,Caporachi,Ranchería
84660,Cucurpe,Pueblo
84670,6 de Enero,Ejido
84670,El Carrizal,Ranchería
84674,Agua Fría (Saracachi),Ranchería
84674,Chupisonora,Rancho
84676,El Baicimaco (Agua del Cerro),Ranchería
84676,La Torreña,Ranchería
84676,La Calera (Divisadero),Ranchería
84676,El Pintor,Ranchería
84677,Cañada Ancha,Rancho
84677,La Paleteña,Rancho
84678,La Malenita,Ranchería
84678,La Peña I,Rancho
84678,San Javier,Ranchería
84679,Santa Ana de Chairababi,Rancho
84680,El Taste,Colonia
84680,Bacoachi Centro,Colonia
84683,Los Pinos,Colonia
84690,Unámichi,Ejido
84690,Cañada de la Cruz (La Cruz),Ranchería
84690,Chaparaco Nuevo,Ranchería
84690,El Cúmaro (La Vinata),Rancho
84690,El Chaparaco (Chaparaco Viejo),Ranchería
84690,Las Cuatro Rosas,Rancho
84690,Luis Quiroga,Rancho
84690,Tepuverachi,Granja
84693,Bajío de Nuestra Señora de Guadalupe (Bajío Gpe),Rancho
84693,Los Janitos,Rancho
84693,Teguaracorachi,Rancho
84694,Mututicachi,Ejido
84694,Cerro Colorado (San José de la Cuesta),Rancho
84694,Los Nogales,Rancho
84694,Ojo de Agua (Cascabel),Rancho
84694,San Roberto (El Apache),Rancho
84695,Santa Lucía,Ranchería
84700,San Pedro de la Cueva Centro,Colonia
84703,Huépari,Ejido
84705,La Ranchería (Rancherías),Ejido
84709,San José de Batuc (Batuquito),Ejido
84710,Nuevo Tepupa,Colonia
84711,Nuevo Suaqui,Ejido
84730,Divisaderos,Pueblo
84743,Las Tinajitas,Rancho
84744,Los Griegos,Rancho
84745,El Álamo,Rancho
84746,La Morita,Rancho
84747,Ranchito de Abajo,Rancho
84750,Tepache,Pueblo
84754,Casa Grande,Ejido
84760,Lampazos,Ranchería
84770,Villa Pesqueira (Mátape),Pueblo
84775,Nacori Grande,Ejido
84790,Adivino,Ejido
84800,Opodepe,Pueblo
84806,Santa Margarita,Ranchería
84820,Pueblo Viejo,Ranchería
84824,Tuape,Ejido
84830,Querobabi,Pueblo
84850,Merésichic,Ejido
84860,Norte,Colonia
84860,Porvenir,Colonia
84860,Sur,Colonia
84860,La Bombita Dos,Ranchería
84860,Huépac Centro,Colonia
84860,Ojo de Agua de Huépac,Colonia
84874,Ranchito de Huépac,Colonia
84880,Banámichi Centro,Colonia
84890,El Álamo,Rancho
84890,El Nogal,Rancho
84890,El Picacho,Rancho
84893,El Cazo,Ranchería
84893,El Molino,Rancho
84893,La Capilla,Rancho
84894,Bacachi,Rancho
84894,La Mora,Colonia
84894,Bajío de Campa,Rancho
84894,El Bajío de Palo Blanco,Rancho
84894,Huertita los Martínez,Ranchería
84894,La Mora (La Granja),Granja
84894,La Nopalera,Rancho
84895,Las Delicias,Ejido
84895,La Arena Blanca,Ranchería
84895,La Martina,Rancho
84900,Alameda,Colonia
84900,La Colonia,Colonia
84900,La Matanza,Colonia
84900,Las Glorias,Colonia
84900,Palo Fierro,Colonia
84900,San Felipe,Colonia
84900,San Pedro de Ures (San Pedro),Colonia
84900,Heroica Ciudad de Ures Centro,Colonia
84905,Ranchito de Aguilar,Ejido
84905,Santiago de Ures (Santiago),Ejido
84906,San Pedro,Ranchería
84906,Puerta del Sol,Ejido
84907,El Huahui (Adentro),Ranchería
84907,La Estancia,Barrio
84907,El Sauz (Sauz de Ures),Pueblo
84910,San Rafael,Ejido
84911,Guadalupe (Guadalupe de Ures),Pueblo
84918,Pueblo de Álamos,Pueblo
84919,El Seguro,Ejido
84919,Rancho Viejo,Ejido
84919,Santa Rosalía,Ejido
84920,Aconchi,Pueblo
84920,Tres Álamos,Ranchería
84920,Barranca las Higueritas,Rancho
84920,La Loma,Ranchería
84920,Establo López,Granja
84923,Agua Caliente,Rancho
84923,Rafael Noriega Soufflé,Rancho
84924,Los Alisos,Rancho
84924,Las Albóndigas,Rancho
84925,El Tarais,Rancho
84925,Represo de Romo,Rancho
84928,San Pablo (San Pablo de Aconchi),Barrio
84928,La Alamedita,Rancho
84928,Havinanchi,Rancho
84928,La Higuera,Rancho
84928,La Alameda,Rancho
84928,El Rodeo (El Rodeo de Aconchi),Ranchería
84929,La Estancia,Pueblo
84929,La Misión,Rancho
84930,Maicobabi,Rancho
84930,Las Garzas,Rancho
84933,La Sauceda,Ranchería
84934,Tepúa (El Carricito),Rancho
84935,Valencia,Rancho
84940,Baviácora Centro,Colonia
84943,Loma Norte,Colonia
84944,Panteón,Colonia
84945,Loma Sur,Colonia
84945,El Bagote,Ranchería
84950,Mazocahui,Pueblo
84950,La Aurora,Barrio
84950,Los Puertecitos (El Puertecito),Ranchería
84953,San José (San José de Baviácora),Pueblo
84953,Suaqui,Pueblo
84953,La Capilla,Pueblo
84953,Las Tortugas,Ranchería
84953,Las Tres Palmas,Ranchería
84953,Satebachi,Rancho
84953,La Compuerta,Ranchería
84955,El Molinote (Hacienda la Concepción),Pueblo
84955,La Labor,Ranchería
84955,El Herrero,Ranchería
84957,El Altar,Ranchería
84957,Los Horcones,Ranchería
84957,La Junta,Rancho
84958,El Jaralito,Ranchería
84960,San Felipe de Jesús Centro,Colonia
84960,El Jojobal,Rancho
84980,Rayón Centro,Colonia
84984,La Paz (La Paz de Rayón),Ranchería
84987,La Galera (El Yuruh),Ranchería
84987,La Galera,Hacienda
84988,Cerro de Oro,Ejido
84990,Tres Álamos,Ejido
85000,Ciudad Obregón Centro,Colonia
85000,Electricista,Colonia
85000,Urbanizable 1,Colonia
85000,Urbanizable 2,Colonia
85000,Urbanizable 3,Colonia
85000,Urbanizable 4,Colonia
85000,Urbanizable 5,Colonia
85000,Urbanizable 7,Colonia
85010,Real del Sol Ampliación,Fraccionamiento
85013,Zona Norte Comercial,Zona comercial
85017,La Candelaria,Fraccionamiento
85017,Santa Catalina,Fraccionamiento
85017,Buenaventura,Fraccionamiento
85017,Almudena,Fraccionamiento
85017,Residencial los Nogales,Fraccionamiento
85017,Monarcas,Fraccionamiento
85017,Montelucia Residencial,Fraccionamiento
85017,Arboleda,Fraccionamiento
85017,Tossá Residencial,Fraccionamiento
85019,Obregón Norte Ampliación,Colonia
85019,Obregón Norte,Colonia
85019,Real del Sol,Fraccionamiento
85019,Santa Fe,Fraccionamiento
85019,Los Alisos,Colonia
85019,Ejidatarios,Fraccionamiento
85019,Mirasoles,Fraccionamiento
85019,Instituto Senda del Yaqui,Equipamiento
85020,Matías Méndez Limón,Colonia
85020,Manlio Fabio Beltrones,Colonia
85020,Villa Guadalupe,Colonia
85020,Amanecer 1,Fraccionamiento
85020,Nuevo Amanecer,Fraccionamiento
85020,Pioneros de Cajeme,Colonia
85023,Sierra Vista,Fraccionamiento
85024,Amanecer 2,Fraccionamiento
85024,Los Olivos,Fraccionamiento
85030,Los Balcones,Colonia
85030,Los Poetas,Colonia
85030,Agrónomos,Colonia
85037,La Rioja Residencial,Fraccionamiento
85037,Puente Real,Fraccionamiento
85038,El Túnel Quintana Roo,Colonia
85038,Villa California,Fraccionamiento
85038,La Joya,Colonia
85038,El Túnel,Colonia
85038,Granjas FOVISSSTE Norte (Codornices),Fraccionamiento
85039,Lomas del Paraíso,Fraccionamiento
85039,San Pedro Residencial,Fraccionamiento
85039,FOVISSSTE III,Fraccionamiento
85039,El Paraíso,Fraccionamiento
85039,Alta California,Fraccionamiento
85039,Sonora Agropecuaria (Bachoco),Granja
85040,Privada Toscana,Fraccionamiento
85040,Villa California Zona Norte,Fraccionamiento
85040,Zona Norte,Colonia
85040,Pioneros,Fraccionamiento
85050,Albatorre,Fraccionamiento
85050,Cajeme,Colonia
85050,Nuevo Cajeme,Fraccionamiento
85050,Real del Bosque,Fraccionamiento
85050,Villa San Antonio,Colonia
85050,Real del Norte,Fraccionamiento
85053,Las Puertas,Fraccionamiento
85053,Puerta de Hierro,Fraccionamiento
85053,Los Ángeles,Fraccionamiento
85053,Casa Real,Fraccionamiento
85053,Los Patios Residencial,Fraccionamiento
85053,Luis Donaldo Colosio,Colonia
85053,Villas del Campestre,Fraccionamiento
85053,Villas del Palmar,Fraccionamiento
85053,Real de Sabinos,Fraccionamiento
85059,Aeropuerto Internacional de Ciudad Obregón,Aeropuerto
85060,Benito Juárez,Colonia
85060,Los Misioneros (Cachimbas),Colonia
85063,Linda Vista,Fraccionamiento
85063,Mirasierra,Fraccionamiento
85063,Vista Hermosa,Fraccionamiento
85064,Las Haciendas los Monjes,Fraccionamiento
85064,Hacienda San José,Fraccionamiento
85064,Privadas del Campanario,Fraccionamiento
85064,Jardines del Lago,Fraccionamiento
85064,Campanario,Fraccionamiento
85064,Las Haciendas,Fraccionamiento
85064,Real de Sevilla,Fraccionamiento
85065,Calzada Residencial,Fraccionamiento
85065,Parque Industrial,Zona industrial
85065,Ramiro Valdéz (El Chorizo),Colonia
85065,Villa Satélite,Fraccionamiento
85070,La Reforma,Colonia
85080,Municipio Libre,Colonia
85080,Las Campanas,Fraccionamiento
85080,Ampliación Miguel Alemán,Colonia
85090,San Anselmo,Fraccionamiento
85090,Miravalle,Fraccionamiento
85090,Ampliación Miravalle,Fraccionamiento
85095,Valle Dorado,Fraccionamiento
85096,Villa Fontana,Fraccionamiento
85096,Nueva Galicia,Fraccionamiento
85096,El Rodeo,Fraccionamiento
85096,Villas de Cortés,Fraccionamiento
85097,Los Héroes,Fraccionamiento
85097,Valle Verde,Colonia
85097,Villas del Trigo,Fraccionamiento
85097,Misión del Sol,Fraccionamiento
85097,Paseo Alameda,Fraccionamiento
85097,Hacienda del Sol,Fraccionamiento
85098,Santa Cecilia,Fraccionamiento
85098,La Misión,Fraccionamiento
85098,Sóstenes Valenzuela,Colonia
85098,Primero de Mayo,Fraccionamiento
85098,Primavera,Fraccionamiento
85098,Misión San Xavier,Fraccionamiento
85098,Misión del Real,Fraccionamiento
85098,Misión San Rafael,Fraccionamiento
85099,Misión del Prado,Fraccionamiento
85099,Central de Abastos,Zona comercial
85099,Las Misiones,Fraccionamiento
85100,Privada los Olivos,Fraccionamiento
85100,Norte,Fraccionamiento
85100,Chapultepec,Colonia
85100,Noroeste,Colonia
85100,Cincuentenario,Fraccionamiento
85100,Altar Residencial,Fraccionamiento
85100,Villa Tetabiate,Fraccionamiento
85110,Cuauhtémoc (Urbanizable 6),Colonia
85110,Morelos,Colonia
85110,La Ladrillera,Colonia
85110,Quinta Díaz,Colonia
85110,Ampliación Cuauhtémoc (Urbanizable 6),Colonia
85120,Del Valle,Colonia
85120,FOVISSSTE I,Fraccionamiento
85120,INFONAVIT Yucuhimari,Fraccionamiento
85120,Santa Anita,Colonia
85120,Multifamiliares IMSS,Colonia
85130,Privada Madrid,Fraccionamiento
85130,Bellavista,Colonia
85130,Fuentes del Bosque,Fraccionamiento
85130,Del Bosque,Colonia
85130,Villa ITSON,Fraccionamiento
85130,Bosques del Nainari,Fraccionamiento
85134,Catena Residencial,Fraccionamiento
85134,Monterra,Fraccionamiento
85134,San Marino,Fraccionamiento
85134,Casa Blanca,Fraccionamiento
85134,San Juan Capistrano,Fraccionamiento
85134,Privada de la Laguna,Fraccionamiento
85134,Los Misioneros,Fraccionamiento
85134,El Nainari,Hacienda
85134,Providencia,Ranchería
85136,Villa del Rey,Fraccionamiento
85136,Montecarlo,Fraccionamiento
85136,Sonora Soft Technology Park,Zona industrial
85136,Alameda del Cedro,Fraccionamiento
85136,Villas del Real,Fraccionamiento
85136,Villas del Rey Colonial,Fraccionamiento
85136,Alameda del Cedro II,Fraccionamiento
85136,Campo Dos (Ejido Tepeyac),Ranchería
85137,Privada Buenavista,Fraccionamiento
85137,Nainari del Yaqui,Colonia
85138,Villas del Nainari,Fraccionamiento
85138,ISSSTESON,Fraccionamiento
85138,Del Lago,Fraccionamiento
85140,Cumuripa,Colonia
85140,FOVISSSTE II,Fraccionamiento
85140,Hidalgo,Colonia
85140,Otancahui,Fraccionamiento
85140,Las Arboledas,Colonia
85140,Lázaro Mercado,Colonia
85140,Las Torres,Fraccionamiento
85140,Bugambilias,Fraccionamiento
85140,Palmar,Fraccionamiento
85140,Racket,Fraccionamiento
85140,Villa Florencia,Fraccionamiento
85140,Villa Mezquite,Fraccionamiento
85140,Galeana,Fraccionamiento
85149,El Sahuaro,Colonia
85149,Ampliación Cumuripa,Colonia
85149,Real del Arco,Fraccionamiento
85150,La Florida,Fraccionamiento
85150,Las Flores,Fraccionamiento
85150,Libertad,Colonia
85150,Prados del Tepeyac,Colonia
85150,Sochiloa,Colonia
85150,Hacienda Real,Fraccionamiento
85150,Prados del Tepeyac Terra,Colonia
85150,Prados del Tepeyac Promo Hábitat,Fraccionamiento
85150,Los Portales,Fraccionamiento
85154,Compostela Residencial,Fraccionamiento
85154,Villa Alegre,Fraccionamiento
85154,Las Fuentes,Fraccionamiento
85154,Los Arcos,Fraccionamiento
85154,Las Espigas,Fraccionamiento
85154,Las Fuentes II,Fraccionamiento
85154,Colinas del Yaqui,Fraccionamiento
85154,Villa Aurora,Fraccionamiento
85154,Torre de París,Fraccionamiento
85154,Posada del Sol,Fraccionamiento
85157,Las Brisas,Fraccionamiento
85157,Prados de la Laguna,Fraccionamiento
85160,Chihuahua,Fraccionamiento
85160,La Herradura,Fraccionamiento
85160,Campestre,Colonia
85160,Cortinas Primera Sección,Colonia
85160,Campestre 2da. Ampliación,Colonia
85167,Cortinas Cuarta Sección,Colonia
85168,Cortinas Tercera Sección,Colonia
85169,Cortinas Segunda Sección,Colonia
85170,Constitución,Colonia
85180,Faustino Félix Serna,Colonia
85180,Fraccionamiento Comercial 300,Equipamiento
85190,El Mezquital,Colonia
85190,Camino Real,Fraccionamiento
85190,Los Girasoles,Fraccionamiento
85190,Nueva Palmira,Fraccionamiento
85190,México,Colonia
85190,Rincón del Valle,Fraccionamiento
85190,Villas del Real,Fraccionamiento
85190,Palma Real,Fraccionamiento
85190,Quinta Real,Fraccionamiento
85190,Pedregal,Fraccionamiento
85190,Los Álamos 2,Fraccionamiento
85190,Los Álamos,Fraccionamiento
85190,Real del Valle,Fraccionamiento
85190,El Roble,Fraccionamiento
85190,Los Encinos,Fraccionamiento
85190,Los Encinos II,Fraccionamiento
85193,Los Presidentes,Fraccionamiento
85193,El Campito,Ranchería
85193,Ricardo Topete,Ranchería
85193,Santa Bárbara,Ranchería
85193,Valle Blanco,Ranchería
85194,Francisco Eusebio Kino,Colonia
85195,Maximiliano Rubio López,Colonia
85195,Cuauhtémoc Cárdenas,Colonia
85195,Esperanza Tiznada,Colonia
85196,Jardines del Valle,Fraccionamiento
85197,Russo Vogel,Colonia
85198,Valle del Sol,Fraccionamiento
85198,Los Algodones,Fraccionamiento
85198,Aves del Castillo,Colonia
85198,Las Palmas,Fraccionamiento
85198,Los Sauces,Fraccionamiento
85198,Villas del Sol,Fraccionamiento
85198,Sonora,Colonia
85198,Aves del Castillo Ultrateck,Colonia
85199,Misión San Gabriel,Fraccionamiento
85199,Misión San Gabriel II,Fraccionamiento
85199,Misión San Gabriel III,Fraccionamiento
85199,Los Horizontes Campestres,Fraccionamiento
85199,Praderas del Sur,Fraccionamiento
85199,Provenza,Fraccionamiento
85199,Robles del Castillo,Colonia
85199,Álvaro Obregón (El Ranchito),Ranchería
85199,Robles del Castillo Colectivista,Colonia
85199,Luis Echeverría Álvarez (Álvaro Obregón),Colonia
85199,Pradera Bonita,Fraccionamiento
85199,San Javier,Ranchería
85199,Las Cobras,Rancho
85200,Vida Digna,Colonia
85200,Terrenos Campestres,Colonia
85200,Pueblo Yaqui,Colonia
85200,Zona Urbana,Colonia
85200,Mario Salcedo [Bloque 905],Ejido
85200,Héroes del 47,Colonia
85200,16 de Julio (Rodrigo Macías),Ejido
85200,Pascual V Ayón,Barrio
85200,Adelaida Rábago,Ranchería
85200,Aeródromo Brizuela,Ranchería
85200,Alberto Yépiz Beltrán (Bloque 803),Ranchería
85200,Santos Castro,Ranchería
85200,Bachoco,Ranchería
85200,Benito Zayas,Ranchería
85200,Blas Guerrero,Ranchería
85200,Invernadero Luders [Bloque 901],Ranchería
85200,Alfredo Oroz [Bloque 903],Ranchería
85200,Calle Nueve y Canal Bajo,Ejido
85200,Campo Cincuenta (Bloque 707),Ranchería
85200,Jesús Rodriguez,Ranchería
85200,Ricardo Orduño,Ranchería
85200,Campo de Amezcua,Ranchería
85200,Calle 5 [700 y 800],Ranchería
85200,Campo de Carlos Dengel (Bloque 701),Ranchería
85200,María Esther Jocobi Valdéz,Ranchería
85200,Campo de Chamelia,Ejido
85200,Campo de Isidro Aragón,Ranchería
85200,Javier Reynoso,Ranchería
85200,Campo de los Castro (Bloque 609),Ranchería
85200,Campo de Róbinson Bours,Ranchería
85200,Campo de Saldívar,Ranchería
85200,Campo Millanes,Ranchería
85200,Campo Emilio Carrasco,Ranchería
85200,Campo Enrique Luders (Bloque 807),Ranchería
85200,Carlos García,Ranchería
85200,Campo María Elena,Ranchería
85200,Los Arvizu,Ranchería
85200,Campo Santa Mina,Ranchería
85200,Campo Treinta y Cinco,Ranchería
85200,Campo Treinta y Cinco (Bloque 705),Ranchería
85200,Campo 34,Ranchería
85200,Campo Veintidós,Ejido
85200,Guadalupe Silvia Chávez,Ranchería
85200,Damián Ignacio,Ranchería
85200,Crucero Seiscientos y Meridiano,Ejido
85200,Cruz Briseño,Ranchería
85200,Don Chuy (La Setecientos),Ranchería
85200,Domingo Ávila,Ranchería
85200,Los Parceleros,Ranchería
85200,Miguel Álvarez,Ranchería
85200,Bloque 703,Ranchería
85200,Toribio Velázquez (Melesio Yocupicio),Ejido
85200,Toribio Velázquez (El Tejabán),Ejido
85200,Campo Beltrán,Ranchería
85200,El Coyote,Ejido
85200,El Genovevo (Bloque 1104),Ranchería
85200,El Milagro,Ranchería
85200,El Bambú,Ranchería
85200,El Seis Viejo (El Seis),Ranchería
85200,El Tigre,Ranchería
85200,El Triunfo (Ejido Constituyentes),Ranchería
85200,Emeterio Cota,Ranchería
85200,Moisés Flores,Ranchería
85200,Familia Cordero,Ranchería
85200,Familia Urbalejo,Ranchería
85200,Fermín Moroyoqui (Bloque 1108),Ranchería
85200,Fernando Rojo,Ranchería
85200,Germán Soto (Bloque 1006),Ranchería
85200,Guillermo Faiters,Ranchería
85200,Tata Lázaro,Ranchería
85200,Héctor Mercado,Ranchería
85200,Héctor Vázquez,Ranchería
85200,Homogono Briceño,Ranchería
85200,Jesús Ricardo Mendoza,Ranchería
85200,María Dora Vallarta Lugardo,Ranchería
85200,Jorge Murrieta,Ranchería
85200,José Ángel Ruiz,Ranchería
85200,José Báez,Ranchería
85200,José Villegas,Ranchería
85200,Juan Carlos Terrazas,Ranchería
85200,Ficus,Ranchería
85200,El Oasis [Albercas],Ranchería
85200,La Escoba (Calle Uno y Seiscientos),Ranchería
85200,La Huerta (Bloque 601),Ranchería
85200,La Nueve,Ranchería
85200,La Orgullosa,Ranchería
85200,Verde y Noble Mezquite,Rancho
85200,Las Muñecas,Rancho
85200,Las Palmas,Ranchería
85200,Lázaro Ayala,Ranchería
85200,Real de Bobadilla [Establo],Ranchería
85200,Los Ángulos,Ranchería
85200,La Esperancita,Ranchería
85200,Los Chinos,Ranchería
85200,Los Chulos,Ranchería
85200,Los Jugados,Ranchería
85200,Manuel Angulo,Ranchería
85200,Manuel Velázquez,Ranchería
85200,Federico Arredondo Portillo,Ranchería
85200,Martha Valdez,Ranchería
85200,Leonardo Cota,Ranchería
85200,Cruzberto Buitimea,Ranchería
85200,Mil Cien y Canal Bajo,Ranchería
85200,Modesto Vázquez,Ranchería
85200,Nueve y Media y 5 de Febrero (Bloque 1008),Ranchería
85200,Oficina Distrito de Riego,Ejido
85200,Jesús Valdez,Ranchería
85200,Oviachic,Ranchería
85200,Pablo Barrón (Campo 34),Ranchería
85200,Palo Quemado,Ranchería
85200,Patricia Martínez,Ranchería
85200,Pedro Valenzuela,Ranchería
85200,Pistas de los Frías (Bloque 706),Ranchería
85200,Poblado Calle Nueve,Ranchería
85200,Bachoco [Porcícola],Ranchería
85200,Francisco Javier Naranjo,Ranchería
85200,Ramón Delgado,Ranchería
85200,Ramón Oroz,Ranchería
85200,Carmen Piñuelas Castro,Ranchería
85200,Rogelio Ceballos,Ranchería
85200,Rogelio López,Ranchería
85200,Miguel Arredondo Barrón,Ranchería
85200,Rosa Amalia Ceballos,Ranchería
85200,Micaela Balderrama,Ranchería
85200,Rosario Contreras (Bloque 902),Ranchería
85200,Toribio Valenzuela Aguilar,Ranchería
85200,Constituyentes,Ejido
85200,Santa Angélica,Ranchería
85200,Sergios,Ranchería
85200,Sigifredo Sigmán,Ranchería
85200,Silvano Beltrán (Bloque 1206),Ranchería
85200,Rosaira Vázquez,Ranchería
85200,Teresa Ramírez,Ranchería
85200,Tiasa,Ranchería
85200,Oralia Aragón,Ranchería
85200,Campestre,Colonia
85200,Javier Lamarque Cano,Colonia
85200,Juárez Blancas,Colonia
85200,Mártires de San Ignacio,Colonia
85200,Rodolfo Félix Valdez,Colonia
85200,Zona Ejidal,Colonia
85203,Cuauhtémoc (Campo Cinco),Colonia
85203,Anselmo López Portillo,Colonia
85203,Nueva Creación,Colonia
85203,Cajeme,Ejido
85203,Providencia,Colonia
85203,Los Capomos,Ranchería
85203,Campo Veintiocho,Colonia
85203,Francisco I Madero (Campo 30),Ejido
85203,Mora Villalobos (Campo 29),Ejido
85203,Campo Cinco (Bloque 501),Ejido
85203,Guadalupe Victoria,Colonia
85203,México (Grupo México),Colonia
85203,Campo Número Seis (Cinco y Medio),Ejido
85203,La Argentina,Colonia
85203,Zona de Granjas (Granjas Mica),Colonia
85203,Las Areneras,Colonia
85203,Severo Girón,Colonia
85203,Chamizal (Predio Tozalcahui),Ejido
85203,6 de Enero,Ranchería
85203,Abel Murrieta,Ranchería
85203,Las Palapas,Ranchería
85203,Adrián Félix Orduño,Ranchería
85203,Agostadero,Ejido
85203,Agrícola del Nainari (Block 514),Ranchería
85203,Espíritu Santo [Agrícola],Ejido
85203,Agrofrutícola Guaymitas,Ejido
85203,Agropecuaria del Río Yaqui,Ranchería
85203,Palmarejo,Granja
85203,Alberto Valenzuela (Tozalcahui),Ranchería
85203,Gregorio Salazar Cota,Ranchería
85203,AMSA,Ranchería
85203,Andrés López Castro,Ranchería
85203,Antonio Esquer,Ranchería
85203,Bloque 602 (500 y Meridiano),Ejido
85203,Arnulfo Coronado,Ranchería
85203,Arrieros de Cajeme,Ranchería
85203,Cipriana Ramírez,Ranchería
85203,El Nacapul [Avícola],Ranchería
85203,Avícola Bachoco Veintidós Cero Cuatro,Ranchería
85203,Bachoco 32-22 (El Milagro),Ranchería
85203,Bachoco Veinticuatro Cero Seis [Avícola],Ranchería
85203,Bachoco Veinticuatro Cero Tres [Avícola],Ranchería
85203,Benito Juárez,Colonia
85203,Bertha Gómez,Ranchería
85203,Bloque Seiscientos Diez,Ranchería
85203,Bordo del Canal Bajo,Ranchería
85203,Bordo del Canal (Calzada Francisco Villanueva),Ejido
85203,Bordo del Canal Alto,Ejido
85203,Bruno Ibarra (Rancho Cerezo),Rancho
85203,Calle Muerta,Barrio
85203,Campo Carabeo (Ejido Cócorit),Ranchería
85203,El Cincuenta y Cinco,Ranchería
85203,Campo Cincuenta y Seis,Ranchería
85203,Campo de Fermín,Ranchería
85203,Campo del Indio Romero,Ranchería
85203,Campo Guadalupe,Ranchería
85203,Campo Jory,Ranchería
85203,Campo Nacapul,Ranchería
85203,Campo Rafael Acuña,Ranchería
85203,Campo Román,Ranchería
85203,Campo Rosenda (Rosenda Ballesteros Reyes),Ranchería
85203,Campo Sabori (Hermelinda Sabori),Ranchería
85203,Campo San Juan,Ranchería
85203,Campo 505,Ranchería
85203,Campo Treinta y Uno (Ampliación Treinta y Uno),Ranchería
85203,Campo Veinticinco,Ranchería
85203,Campo Veinticuatro,Ranchería
85203,Ley Fer [Campo Avícola],Ranchería
85203,Campo Veintisiete (Maximiliano Olivas),Ranchería
85203,Campo Veintisiete (Rómulo Díaz Brown),Ranchería
85203,Cristo Rey [Marmolería],Ranchería
85203,Canal Alto los Capomos,Ranchería
85203,Canal Cuatro y Meridiano,Ranchería
85203,Carlos Valenzuela Pérez (Ejido Cócorit),Ranchería
85203,Carlos Verdugo (Bloque 307),Ranchería
85203,Caseta (Canal Cuatro y Principal),Ranchería
85203,Centro de Superación (Juan Navarrete y Guerrero),Ranchería
85203,La Laguna (Cesáreo Delgadillo),Ranchería
85203,Reyes Domínguez,Rancho
85203,Club Aéreo del Yaqui,Ranchería
85203,Comunidad Xóchitl (Grupo Xóchitl),Ranchería
85203,Crisóforo Serrano García,Ranchería
85203,Cuadra Tornado,Ranchería
85203,Curva del Seminario,Ranchería
85203,Daniel López González,Ranchería
85203,Ramón Zepeda,Ranchería
85203,Doctor Barba,Ranchería
85203,Piedras Blancas,Ranchería
85203,Don José Díaz,Ranchería
85203,Don Luis,Ranchería
85203,Dora Alicia Félix Corral,Ranchería
85203,Espinoza,Rancho
85203,Eduardo Cotri Romero (Don Yayo),Ranchería
85203,Eduardo Nava (La Hectárea),Ranchería
85203,Tepeyac,Ejido
85203,Tepeyac (Campo Dos),Ejido
85203,El Agostadero,Ejido
85203,El Álamo,Ejido
85203,El Campito,Ejido
85203,El Chito,Ranchería
85203,Rubén García,Ranchería
85203,El Cuatro (La Gloria),Ranchería
85203,La Ceiba,Hacienda
85203,El Duro,Ranchería
85203,El Potrero (Rubén Velázquez),Ranchería
85203,El Indio [Club Familiar],Ranchería
85203,El Milagro,Ranchería
85203,El Milagro (Pedro García Navarro),Ranchería
85203,Enrique Encinas,Ranchería
85203,El Pantanal,Ranchería
85203,La Huerta [Aeroservicios],Equipamiento
85203,El Potrero,Ranchería
85203,El Ranchito,Rancho
85203,El Topete,Ejido
85203,El Ranchito,Ranchería
85203,El Rodeo,Ranchería
85203,El Rodeo (La Mosca),Ranchería
85203,El Rodeo (María de los Ángeles),Ranchería
85203,El Suspiro,Ranchería
85203,El Suspiro (José María Sotelo Vazquez),Ranchería
85203,El Tecolote,Ranchería
85203,Daniel Gómez,Ranchería
85203,El Veinticuatro,Ranchería
85203,El Veranito,Ranchería
85203,Campo Terrafina,Ranchería
85203,Enrique Ronquillo (El Paraíso),Ranchería
85203,Agropecuaria 4G,Ranchería
85203,Establo el Mesías,Ranchería
85203,Establo Guajiro,Ranchería
85203,Establo los Compadres,Ranchería
85203,Irma Reyes Encinas,Ranchería
85203,Establo Valenzuela Moocale,Ranchería
85203,Estación Luis,Ranchería
85203,Eulalia Suárez Higuera,Ranchería
85203,Tozalcahui,Ranchería
85203,Felipe Juzacamea (El Realito),Ranchería
85203,Felipe López (Ejido Tozalcahui),Ranchería
85203,Felipe Meraz,Ranchería
85203,Juan Domínguez,Ranchería
85203,Ferrer Mesa,Ranchería
85203,Flavio Alfredo López López,Ranchería
85203,Francisco Castro Ochoa,Ranchería
85203,Martha Georgina Ibarra,Ranchería
85203,Ganadera Gume,Ranchería
85203,Gerardo Reyes,Ranchería
85203,Gilberto Tapia (Bloque Quinientos Catorce),Ranchería
85203,Guadalupe,Ranchería
85203,Guadalupe Ibarra Sonqui,Ranchería
85203,Guadalupe Leyva,Ranchería
85203,Guadalupe Meza (La Engorda),Ranchería
85203,Guadalupe Serrano,Ranchería
85203,Héctor López,Ranchería
85203,Héctor Valenzuela Velázquez,Ranchería
85203,Heriberto Ibarra,Ranchería
85203,Hipódromo,Ranchería
85203,Ignacio Sallard,Ranchería
85203,Invernadero del Yaqui,Ranchería
85203,Jacinto Ibarra Castro,Ranchería
85203,La Calzada [Balneario],Equipamiento
85203,Jesús Casillas,Ranchería
85203,Jesús Manuel Meza,Ranchería
85203,Jesús Román,Ranchería
85203,Jimmy y Adrían (La Casona),Ranchería
85203,Jiropa,Ranchería
85203,Jorge Demoss,Ranchería
85203,Jorge Luis Bernal Mungarro,Ranchería
85203,Ganadera GPB,Ranchería
85203,San Juditas,Rancho
85203,José Isabel Domínguez,Ranchería
85203,José Jesús Ibarra (Bloque 101),Ranchería
85203,Consuelo Vallecillos Vázquez,Ranchería
85203,José Reyes Ramírez,Ranchería
85203,José Roberto Martínez,Ranchería
85203,Josefa Acosta M,Ranchería
85203,Rodolfo Duarte Ochoa,Ranchería
85203,Juan Martínez Bustillos,Ranchería
85203,Juan Saavedra,Ranchería
85203,Kákaro,Ranchería
85203,La Biznaga,Ranchería
85203,La Casita de Paja,Ranchería
85203,La Divina Providencia,Ranchería
85203,La Hediondilla,Ranchería
85203,La Huerta,Ranchería
85203,La Huerta Valenzuela,Ranchería
85203,La Nopalera,Ranchería
85203,El Chanate,Ranchería
85203,Campo Aragón,Ranchería
85203,La Palmira,Ranchería
85203,La Pitahaya,Ranchería
85203,La Ramada [Cuadra],Ranchería
85203,La Realidad,Ranchería
85203,La Troila,Ranchería
85203,Las Ceibas (Sahuaro Norte),Rancho
85203,Las Magnolias,Ranchería
85203,Lorenzo Félix,Ranchería
85203,Loreto Portillo,Ranchería
85203,Los Beltrán,Ranchería
85203,Los Cuatro,Ranchería
85203,Los Granillo,Ranchería
85203,Los Laureles,Ranchería
85203,Los Maderales,Ranchería
85203,Los Paraísos,Ranchería
85203,Los Santa Ana (Los Avioncitos),Ranchería
85203,Los Yaquis,Ranchería
85203,Los Zuñiga,Ranchería
85203,Manuel Guadalupe Ruiz Castelo,Ranchería
85203,Manuel Murrieta,Ranchería
85203,Manuel Ricardo Murrieta,Ranchería
85203,Manuel Román,Ranchería
85203,Manuel Valenzuela,Ranchería
85203,Manuel Vicente Ruiz,Ranchería
85203,Francisco Romero [Tozalcahui],Ranchería
85203,Margarita Valenzuela Valenzuela,Ranchería
85203,María Jesús Gutiérrez,Ranchería
85203,Campo de Ramos,Ranchería
85203,María Olga Enrique Rosas,Ranchería
85203,Martina Muñoz,Ranchería
85203,Marín Enríquez Espinoza,Ranchería
85203,Martín Rivas (Rancho Irineo),Rancho
85203,Martina Quiñones Barrera (Predio Tozalcahui),Ranchería
85203,Brígida Longoria (Predio Tozalcahui),Ranchería
85203,Miguel López (Carlota López Cuevas),Ranchería
85203,Millán,Ranchería
85203,Mónica,Ranchería
85203,Monte Sinaí,Ranchería
85203,Moreguita,Ranchería
85203,Moscobampo,Ranchería
85203,Mulegé (San Tomás),Ranchería
85203,Ojai (Número Tres) [Avícola],Ranchería
85203,Ontagota,Ranchería
85203,Ontagota,Granja
85203,Ontagota (Campo Sofía),Ranchería
85203,Pedro Barraza,Ranchería
85203,Plácido Horacio Arredondo,Ranchería
85203,Plano Oriente (Gustavo Luders),Ranchería
85203,Postura Ocho,Ranchería
85203,Predio Santa Rosa,Ranchería
85203,Prisciliano Mascareña (Tozalcahui),Ranchería
85203,Productos Agropecuarios,Ranchería
85203,Herminia López Montoya,Ranchería
85203,Rafael Salomón,Ranchería
85203,Ramiro Valdez,Ranchería
85203,Ramón Francisco Rascón Quiñones,Ranchería
85203,Ramón Lorenzo Ibarra (Bloque 101),Ranchería
85203,Ramón Machado,Ranchería
85203,Ramón Reyes (La Cabañita),Ranchería
85203,Ramón Rocha (Las Palapas),Ranchería
85203,Ramona Quiñones Angüis,Ranchería
85203,Sebas,Rancho
85203,Rancho Grande [Avícola],Granja
85203,Igualama,Rancho
85203,Quizán,Rancho
85203,Randolfo Valenzuela (El Bronco),Ranchería
85203,Reconversión Agrícola,Ranchería
85203,Refugio González,Ranchería
85203,Reyes Domínguez,Ranchería
85203,Ricardo Hurtado,Ranchería
85203,Roberto Encinas (Tozalcahui),Ranchería
85203,Roberto Flores,Ranchería
85203,Rubén Pérez,Ranchería
85203,Sabas Castro Valencia,Ranchería
85203,Sahuaro Sur (Campo de los Encinas),Ranchería
85203,Ricardo González,Ranchería
85203,San Antonio,Ranchería
85203,San Ignacio (Campo 2),Ranchería
85203,San Isidro,Ranchería
85203,San Lorenzo,Ranchería
85203,San Marcos,Ranchería
85203,San Pedro,Ranchería
85203,San Rafael,Ranchería
85203,Santa Anita,Ranchería
85203,René Alcántar,Ejido
85203,Santa Fe,Ranchería
85203,Santa María (El Gavilán),Ranchería
85203,Santa Teresa,Ranchería
85203,Bordo del Canal Bajo,Ranchería
85203,Sergio Bojórquez Soto (Tozalcahui),Ranchería
85203,Sergio Cruz (Ontagota),Ranchería
85203,Servicio Agrícola,Ranchería
85203,Sofía,Ranchería
85203,SPR los Mezquites de la Huerta,Ranchería
85203,Taller de Carrocería,Ranchería
85203,Tepeyac (El Agostadero),Ejido
85203,Quinta Victoria,Ranchería
85203,Tozalcahui (Trinidad López López),Ranchería
85203,Unidad Deportiva de la Salud,Ranchería
85203,Walo Ozuna,Ranchería
85203,Zona de Tolerancia,Ranchería
85203,Armando López Nogales,Colonia
85203,Ciudad del Cielo,Colonia
85203,Sin Ley,Colonia
85204,Nueva Unión,Colonia
85204,Bienestar,Colonia
85204,Fundadores II,Colonia
85204,Marte R Gómez (Tobarito),Colonia
85204,Los Fundadores,Fraccionamiento
85204,Haciendas del Valle,Colonia
85204,La Estrellita,Colonia
85204,Los Trigales,Colonia
85204,Zona Urbana Ejidal,Colonia
85205,La Ladrillera Canal Alto,Ranchería
85205,Tesopobampo,Ejido
85205,Yucuribampo,Ejido
85205,El Henequén,Ejido
85205,Francisco Villa,Ejido
85205,Díaz Ordaz,Ejido
85205,Centauro del Norte,Ejido
85205,La Carabina,Colonia
85205,18 de Septiembre,Ejido
85205,Ampliación Francisco Villa,Ranchería
85205,Ampliación Ladrillera,Ranchería
85205,Antena de Radio y Televisión,Ranchería
85205,Bordo del Canal Alto Sur,Ranchería
85205,Campestre Yucuribampo,Ranchería
85205,Cecilio Castillo,Ranchería
85205,Cerrito de la Virgen,Ranchería
85205,Club de Tiro y Pesca,Ranchería
85205,La Esperancita (Dibrusa),Ranchería
85205,El Chilicote,Ranchería
85205,4 Esquinas (La Herradura),Ranchería
85205,Campo de los López,Ranchería
85205,De Avestruces (Cowar Kiwis),Granja
85205,Huerta Otilio Montaño,Ranchería
85205,Joconabampo,Ranchería
85205,La Antena,Ranchería
85205,La Herradura [Engorda],Ranchería
85205,La Yoreme,Ranchería
85205,Las Cabañas [Restaurante],Ranchería
85205,Las Pitahayas,Ranchería
85205,Lucas Palafox,Ranchería
85205,Maru (Granja Porcina),Granja
85205,Microondas,Ranchería
85205,Postura Dos (Rancho Grande),Granja
85205,Postura Nueve (Rancho Grande),Granja
85205,San Martín,Rancho
85205,Unión,Rancho
85205,Raymundo Sarabia,Ranchería
85205,Roberto Rodríguez,Ranchería
85205,San Francisco,Rancho
85205,San Judas,Ranchería
85205,Bachoco 2708,Granja
85205,Solidaridad,Ranchería
85205,Travelers [Hotel],Ranchería
85205,Yucuribampo,Rancho
85206,Progreso (Campo 47),Ejido
85206,31 de Octubre,Colonia
85206,Mundo Ledezma,Ejido
85206,Federico Barra [Bloque 1407],Ejido
85206,Martín Ignacio Navarro,Ranchería
85206,El Moro [Agroindustrias],Ranchería
85206,Campo Alonso Bórquez (Bloque 1005),Ranchería
85206,Campo Camacho,Ranchería
85206,Campo de los Fuertes,Ejido
85206,Luis Encinas [Bloque 1103],Ejido
85206,Fernando Félix Rivera,Ranchería
85206,Campo Boler,Ranchería
85206,Don Tacho [Chichi Inzunza],Ranchería
85206,Capetamaya,Ejido
85206,Ojai [Avícola],Ranchería
85206,Crianza (Héctor Bórquez),Ranchería
85206,José Muñoz Cervantes,Ejido
85206,El Edén del Yaqui,Ranchería
85206,Roberto Esquer Cárdenas,Ranchería
85206,Espanos Agropecuaria (Bloque 1605),Ejido
85206,Tres Generaciones (Santa Cecilia),Ranchería
85206,Héctor Aguilar (Bloque 1603),Ranchería
85206,Heriberta Flores (Bloque 1303),Ranchería
85206,Los Miles,Ranchería
85206,David Káram,Ranchería
85206,José Karam (Bloque 1107),Ranchería
85206,Juan Manzo,Ranchería
85206,Julián Valenzuela (Bloque 1405),Ranchería
85206,La Isla,Ranchería
85206,Las Palmitas,Ranchería
85206,Las Piochitas,Ranchería
85206,Leonarda Jacoméa Ayala,Ranchería
85206,Gerardo Weihs Navarro,Ranchería
85206,Marco Antillón,Ranchería
85206,María Cristina (Bloque 1203),Ranchería
85206,María Luisa,Ranchería
85206,Mariano Escobedo Número Dos,Ranchería
85206,Miguel Denguel,Ranchería
85206,Miguel Gaytán,Ranchería
85206,Ojai,Ranchería
85206,Tres de Oroz [Bloque 1201],Ranchería
85206,Rodrígo Esquer,Ranchería
85206,San Carlos,Ranchería
85206,Los Chapitos (Gerardo Ortega),Ranchería
85206,Abelardo Rodríguez,Ranchería
85206,Santa Cruz,Ranchería
85206,Juan Manso Alanís,Ranchería
85206,Silvia Navarro Mendívil,Ranchería
85206,Tomás de la O Aguirre,Ranchería
85207,Cuauhtémoc (El Salitral),Ejido
85207,Morelos Uno,Ejido
85207,Morelos Dos,Ejido
85207,Nueva Casa de Teras,Ejido
85207,Quetchehueca,Ejido
85207,Sonora Progresista,Colonia
85207,Bernabé Arana,Ejido
85207,Acuícola Aquatop,Ranchería
85207,Acuícola Santa Inés,Ranchería
85207,Agrícola Tarasca,Ranchería
85207,Amado Quiñones,Ranchería
85207,Amsa (Tata Lázaro),Ranchería
85207,Bachoco,Ranchería
85207,Bloque 1710 Campo Agrícola Número 1710,Ranchería
85207,Bloque Mil Seiscientos Doce,Ranchería
85207,Guadalupe Cortez,Ranchería
85207,Brasil (La Dieciséis),Ranchería
85207,Julio César,Ranchería
85207,Lamberto,Ranchería
85207,Calle Doce,Ranchería
85207,Campo Capy (Bloque 1708),Ranchería
85207,Campo Cota Retez,Ranchería
85207,Francisco Díaz Brown,Ranchería
85207,Campo de Inzunza (Bloque 1512),Ranchería
85207,Campo de López Carlón (Bloque 1202),Ranchería
85207,Campo de los Armenta (Bloque 1501),Ranchería
85207,Campo de los Bórquez (Bloque 1604),Ranchería
85207,Campo de los Bustamante (Bloque 1805),Ranchería
85207,Campo de Manuel Arellano,Ranchería
85207,San Miguel,Ranchería
85207,Campo García Preciado,Ranchería
85207,Hermur,Ranchería
85207,Campo José María Moreno Mendoza,Ranchería
85207,Campo Rafael Anaya,Ranchería
85207,Campo Caballero,Ranchería
85207,Campo San Antonio,Ranchería
85207,Casa del Sanjero,Ranchería
85207,Centro Acuícola del Noroeste,Ranchería
85207,César E Miranda,Granja
85207,Conrado Montoya,Ranchería
85207,Cuauhtémoc (Bloque 1705),Ranchería
85207,Eduardo Núñez,Rancho
85207,Veteranos de la Revolución (Bloque 1502),Ejido
85207,Francisco Serrano,Rancho
85207,El Águila (Bloque 1508),Ranchería
85207,El Bosque (Calle Quince),Ejido
85207,El Invernadero,Ranchería
85207,Block 1510,Ranchería
85207,Establo San Ramón,Ranchería
85207,Familia Rosas (Campo Rosas),Ranchería
85207,Felipe Islas,Ranchería
85207,Flavio Santa Cruz Chico (Bloque 1608),Ranchería
85207,Gabina Viuda de Rivera,Ranchería
85207,José Francisco Daniel Valdez,Ranchería
85207,Huerta Emilio Félix (Bloque 1610),Ranchería
85207,Jaramillo (Bloque 1707),Ranchería
85207,José Márquez,Ranchería
85207,José Villegas,Ranchería
85207,Los Machetes (Bloque 1705),Ranchería
85207,Gustavo Luders Becerril [Bloque 1302],Ranchería
85207,Los Serranos (Bloque 1512),Ranchería
85207,Manuel Pérez,Ranchería
85207,Manuel Rascón,Ranchería
85207,Marco Antonio Gastelum,Ranchería
85207,Ojai,Ranchería
85207,Ostioneros,Ranchería
85207,Producción Porcina,Ranchería
85207,Rafael Verdugo (Bloque 1704),Ranchería
85207,Ramón Grijalva,Ranchería
85207,Quinto Cuarto,Ranchería
85207,Roberto Serna Yáñez,Ranchería
85207,Salvador Espíndola,Ranchería
85207,San Gabriel Bloque 1304 (Emiliano Zapata),Ejido
85207,Sociedad Cooperativa Progresista de Tera,Ranchería
85207,Soles Cinco (Bloque 1807),Ranchería
85207,Veteranos de la Revolución (Bloque 1606),Ranchería
85208,Enrique Orozco,Ranchería
85208,La Lágrima,Ranchería
85208,Antonio Rosales,Colonia
85208,San Isidro,Ejido
85208,Felipe Neri,Ejido
85208,Adalberto Rosas (Bloque 1110),Ranchería
85208,Adalberto Rosas (Bloque 1112),Ranchería
85208,Adrián García,Ranchería
85208,Agrirecord,Ranchería
85208,Avícola Bachoco,Ranchería
85208,Avícola Bachoco (Granja 2507),Granja
85208,Avícola Rancho Grande,Granja
85208,Avícola Rancho Grande,Granja
85208,Bloque 918,Ranchería
85208,Bloque Novecientos Veinte,Ranchería
85208,Bloque Ochocientos Doce,Ranchería
85208,Bloque Setecientos Diez,Ranchería
85208,Brígido Ángulo,Ranchería
85208,Calle Nueve (La Bomba),Ranchería
85208,Calle Quinientos Internacional,Ranchería
85208,Campo de Jaimes,Ranchería
85208,Campo de los González,Ranchería
85208,Campo Doctor Orozco,Ranchería
85208,Campo Nuevo,Ranchería
85208,Campo Oroz,Ranchería
85208,Campo Quinientos,Ranchería
85208,Campo Santa Alicia,Ranchería
85208,Campo Socorro Macías,Ranchería
85208,Chicorón (El Dieciocho),Ranchería
85208,Grupo Cajeme,Ranchería
85208,Don Chon Céliz,Ranchería
85208,Colec San José de Bácum,Ejido
85208,El Alamito,Ranchería
85208,El Kiko (Quico),Ranchería
85208,El Llano (Santa María) [Agropecuaria],Ranchería
85208,El Segundo Aire,Ranchería
85208,El Tinaco,Ranchería
85208,Emma Fimbres (Campo de Luis Arturo),Ranchería
85208,Ernesto Antillón,Ranchería
85208,Ernesto Gallegos,Ranchería
85208,Esperancita,Ranchería
85208,Establo Oroz,Ranchería
85208,Estanque del ITSON (Campo ITSON),Ranchería
85208,Estercita,Ranchería
85208,Felipe Neri (Bloque Seiscientos Catorce),Ranchería
85208,Ganja la Choya Cinco,Ranchería
85208,La Cacharamba,Granja
85208,Invernadero Santa Litta,Ranchería
85208,Jaime Ivich,Ranchería
85208,Jesús Beltrán (Seis y Media),Ranchería
85208,La Choya,Ranchería
85208,La Fresno y Seiscientos,Ranchería
85208,La Posta del CBTA,Ranchería
85208,Los Cucos,Ranchería
85208,Los Magueyes,Ranchería
85208,La Ceiba de la Cuchilla,Ranchería
85208,Los Tavitos,Ranchería
85208,Lucy,Ranchería
85208,Benito Lara,Ranchería
85208,Manuel Urquídez,Ranchería
85208,Mariano Escobedo,Ranchería
85208,Mariano Escobedo (Clemente Borbón),Ranchería
85208,Mariano Escobedo (José López Pérez),Ranchería
85208,Mario Beltrán,Ranchería
85208,Mario Beltrán Jr,Ranchería
85208,Miguel Denguel,Ranchería
85208,Nazario Ortiz Garza,Ranchería
85208,Orduño,Ranchería
85208,Oroz,Ranchería
85208,Cajeme Productos Pecuarios,Zona comercial
85208,Patronato del Ciano,Ranchería
85208,Porcícolas Pecuarias Cajeme,Ranchería
85208,Porcina los Sauces (Ricardo Valenzuela),Ranchería
85208,Postura Cuatro,Ranchería
85208,Postura Dieciocho Rancho Grande,Granja
85208,Productora Santa Anita,Ranchería
85208,Raúl Arredondo,Ranchería
85208,Rafael Araujo,Ranchería
85208,Quinta China,Ranchería
85208,Rancho Grande,Granja
85208,Rancho Grande [Avícola],Granja
85208,Reparaciones Aéreas del Yaqui,Ranchería
85208,Rubén Meza,Ranchería
85208,Sagarena,Ranchería
85208,San Antonio,Ranchería
85208,San Martín (Ricardo Topete),Ranchería
85208,Bloque 810,Ranchería
85208,Santa Ana,Ranchería
85208,Santa Clara,Ranchería
85208,Santa Lita,Ranchería
85208,Socoada,Ranchería
85208,Ubaldo Cabrera,Ranchería
85208,Vargas,Ranchería
85208,Yucuribampo,Ranchería
85208,Zaz (Cocoraque),Ranchería
85209,Santa María del Buaraje (Bachoco 2502),Ranchería
85209,Altos de Jecopaco,Colonia
85209,El Porvenir,Ranchería
85209,23 de Octubre,Ejido
85209,Adela Chairez Salazar (Bloque 1812),Ejido
85209,Agropecuaria Santa Bárbara,Ejido
85209,Alejandro Pablos (Bloque 1810),Ranchería
85209,Alfonso Valenzuela Corral (Bloque 1618),Ranchería
85209,Allende (El Dieciocho),Colonia
85209,Antonio Flores (Bloque 1906),Ranchería
85209,Avícola Bachoco (2409),Ranchería
85209,Avícola Sección Uno (Bloque 1614),Ejido
85209,Campo Ana Lucía (La Granja),Granja
85209,Campo de Buen Rostro,Ranchería
85209,Campo de Concepción Navarro (Bloque 1906),Ranchería
85209,Campo de Dionisio Nava,Ranchería
85209,Campo de Eduardo Prieto,Ranchería
85209,Campo de Felipe Campoy,Ranchería
85209,Campo de Jorge Ernesto Tapia Eequer,Ranchería
85209,Agrícola el Paso,Ranchería
85209,Campo de Javier Ivich Campoy (Bloque 1716),Ranchería
85209,Campo de Miguel Denguel,Ranchería
85209,Campo de Oroz (Bloque 1318),Ranchería
85209,Campo Evaristo López,Ranchería
85209,Campo Gabriel Gallegos,Ranchería
85209,Campo José Rochín,Ranchería
85209,Campo Parada (Bloque 2114),Ranchería
85209,Campo Ramona Verduzco (Bloque 1908),Ranchería
85209,Campo Rosa Alicia (Bloque 2012),Ranchería
85209,Campo San Isidro,Ranchería
85209,Campo Santa Bárbara,Ranchería
85209,Carlos Parada Laborín,Ranchería
85209,Casa del Sanjero (Bloque 2014),Ranchería
85209,Caseta de Recursos,Ranchería
85209,Casita del Levantador,Ranchería
85209,Cocoraque,Rancho
85209,Consuelo García,Ranchería
85209,Benito Juárez (Bloque 1816),Ranchería
85209,Guillermo Prieto,Ejido
85209,Guillermo Prieto (Bloque 1416),Ejido
85209,Guillermo Prieto (Bloque 1418),Rancho
85209,Jiquilpan (Bloque 1718),Ejido
85209,Praxedis (Bloque 1910),Ejido
85209,El Bienestar,Ranchería
85209,El Bordo,Ranchería
85209,El Mezquite,Ranchería
85209,Eleodoro Zazueta (Bloque 2106),Ranchería
85209,Emilio Beltrán,Ranchería
85209,Empaque María Luisa Farms,Ranchería
85209,Eusebio Zamorano Acosta,Ranchería
85209,Francisco Araiza Celaya (Bloque 1620),Ejido
85209,Francisco Javier Ivis (Bloque 1314),Ranchería
85209,Francisco Matus,Ranchería
85209,Francisco Matus,Ejido
85209,Francisco Pacheco Valenzuela,Ranchería
85209,Fructuoso Méndez (Bloque 1916),Ranchería
85209,Gerardo Borbón (La Dieciséis y Medio),Ranchería
85209,Gildardo Vega,Ranchería
85209,Ojai,Granja
85209,Gustavo Valenzuela Obregón (La Catorce),Ranchería
85209,Hermanas González (Campo Vega),Ranchería
85209,Humberto Castillo,Ranchería
85209,Humberto García,Ranchería
85209,Jesús Salazar,Ranchería
85209,José Aguilera,Ranchería
85209,José Francisco Muñoz,Ranchería
85209,Juan Salvador Esquer,Ejido
85209,La Diecinueve,Ranchería
85209,La Diecisiete,Ranchería
85209,La Diecisiete (Campo de Pacheco),Ranchería
85209,La Diecisiete y Media (Bloque 1808),Ranchería
85209,La Mojonera,Ranchería
85209,Agropecuaria Ille,Ranchería
85209,La Primavera (Ejido Guillermo Prieto),Ranchería
85209,La Quince,Ranchería
85209,Las Carmelitas (Bloque 1414),Ranchería
85209,Las Palmas (Bloque 1806),Ranchería
85209,Lázaro Zamora,Ranchería
85209,Los Machochos,Ejido
85209,Luis Félix,Ranchería
85209,Martha Palma Cruz,Ranchería
85209,Miguel Denguel,Ranchería
85209,Ojai,Ranchería
85209,Porcícola San Juan,Ranchería
85209,Porcícola Santa Margarita,Ranchería
85209,Porcina Uno,Ejido
85209,Rafael Parada,Ranchería
85209,Ramón Baldenegro,Ranchería
85209,Ramón Zazueta (Bloque 2204),Ranchería
85209,Renato Campoy,Ranchería
85209,Reproductora Pesada 2515 ó 2415,Ranchería
85209,Romeo Ledenís,Ranchería
85209,Gómez Brambila,Ranchería
85209,San Gerardo,Ranchería
85209,San Isidro (Bloque 1412),Ranchería
85209,San Isidro (La Doce y Media),Ranchería
85209,San Pedro,Ranchería
85209,Santa Alicia (Bloque 1514),Ranchería
85209,Santa Cecilia,Ranchería
85209,Santa Julia (Bloque 1516),Ranchería
85209,Santa Laura,Ranchería
85209,Santa Litta,Ranchería
85209,Francisco Díaz Brown,Rancho
85209,Santa María Campo,Ejido
85209,Santa Teresa (Establo),Ranchería
85209,Sergio Antillón (Bloque 1314),Ranchería
85209,Tomás Stiward,Ranchería
85209,Toribio Miranda (Bloque 2004),Ranchería
85209,Viuda de Campoy,Ranchería
85210,Los Rosales,Colonia
85210,Los Rosales Sección 1,Colonia
85210,Pueblo Bonito,Fraccionamiento
85210,Esperanza,Pueblo
85210,Villa Bonita,Fraccionamiento
85210,Robinson Bours,Colonia
85210,Ejidal,Colonia
85210,Leandro Valle,Colonia
85210,Valle de Héroes,Colonia
85210,Nueva Esperanza,Colonia
85210,Francisco Urbalejo,Colonia
85210,Sonora,Colonia
85210,Luis Antillon,Colonia
85210,Hogar y Patrimonio,Colonia
85210,Villa California Sección Alameda,Fraccionamiento
85210,Blanca Ramos,Colonia
85210,Parque Industrial del Sol,Zona industrial
85210,60 Batallón de Infantería,Zona militar
85210,Buenavista,Colonia
85210,Club de Golf,Equipamiento
85210,Las Praderas,Fraccionamiento
85210,Praderas Altas,Fraccionamiento
85210,Pueblo Nuevo,Colonia
85212,Cumuripa,Ejido
85212,La Cieneguita,Ranchería
85212,Realito,Pueblo
85212,Cajoncitos,Ranchería
85212,El Aguajito,Ranchería
85212,El Chiquillo,Ranchería
85212,El Jito (El Reparo del Jito),Ranchería
85212,El Llano,Ranchería
85212,El Mal Paso,Ranchería
85212,El Mezquite,Ranchería
85212,El Mimbre (Rancho la Viznaga),Rancho
85212,El Palo Fierro (La Alcantarilla),Ranchería
85212,El Palo Verde,Ranchería
85212,El Porvenir,Colonia
85212,El Represo,Ranchería
85212,El Tigre,Ranchería
85212,La Angostura,Ranchería
85212,La Ciénega,Ranchería
85212,La Coyotera,Ranchería
85212,La Matanza,Ranchería
85212,La Noria de Leer,Ranchería
85212,La Petaca,Ranchería
85212,La Piedrita,Ranchería
85212,La Sandía,Ranchería
85212,La Volanta,Ranchería
85212,Las Palomas,Ranchería
85212,Las Praderas,Ranchería
85212,Los Álamos,Ranchería
85212,Los Algodones,Ranchería
85212,Los Cuates,Ranchería
85212,Los Pocitos,Ranchería
85212,Milpillas,Ranchería
85212,Palo de Asta,Ranchería
85212,Palo Fierro,Ranchería
85212,Peñasco Blanco,Ranchería
85212,Rodríguez,Ranchería
85212,Santa Clara,Ranchería
85212,Tatuacas,Ranchería
85212,Tubaca,Ranchería
85213,Buenavista,Pueblo
85213,Los Hornos,Ejido
85213,Kilómetro Nueve (El Pueblito),Colonia
85213,Adalberto Cornejo,Ranchería
85213,Agua Caliente,Ranchería
85213,Agua Caliente (Fraccionamiento),Ranchería
85213,Agua de la Cruz,Ranchería
85213,Agua Fría,Ranchería
85213,Álamo Solo,Ranchería
85213,Alejandro Suárez Haros,Ranchería
85213,Alfonso Polanco,Ranchería
85213,Alfonso Contreras García,Ranchería
85213,Antonia Valladárez,Ranchería
85213,El Correcaminos,Ranchería
85213,Alfredo Rivera Morales,Ranchería
85213,Avícola Rancho Grande,Granja
85213,Balneario el Coyote,Ranchería
85213,Brunilda Balderrain,Ranchería
85213,Caseta de Riego,Ranchería
85213,Chahuilla,Ranchería
85213,Chimbampo,Ranchería
85213,Cirio Pazos,Ranchería
85213,Citahuachi,Ranchería
85213,Compuerta Veintidós,Ranchería
85213,Constitución,Ranchería
85213,Román Tabardillo,Ranchería
85213,Corral Quemado,Ranchería
85213,Criba Almada Urrea,Ranchería
85213,Cruz Mercado,Ranchería
85213,Cuchos Nuevos,Ranchería
85213,Diecinueve Canal Alto,Ranchería
85213,Dragón Aquatiko [Paseo Campestre],Ranchería
85213,Ebodio Gastelum (Los Gatos),Ranchería
85213,El Alamito,Ranchería
85213,El Algodón,Ranchería
85213,El Anzuelo,Ranchería
85213,El Batuli,Ranchería
85213,El Cadete,Ranchería
85213,El Chaday,Ranchería
85213,El Chiculi,Ranchería
85213,La Espina de Bubu,Ranchería
85213,El Crisol,Ranchería
85213,El Dique Diez,Ranchería
85213,El Fundador,Ranchería
85213,El Guayparín,Ranchería
85213,El Mezquite,Ranchería
85213,El Mirador (La Pila),Ranchería
85213,El Oviáchic,Ranchería
85213,El Palotal,Ranchería
85213,El Paraíso [Restaurante],Ranchería
85213,El Porvenir,Ranchería
85213,El Potrero (Compuerta),Ranchería
85213,El Ranchito,Ranchería
85213,El Ranchito (Humberto López),Ranchería
85213,El Ranchito (Rancho de Mi Nana y Mi Tata),Rancho
85213,El Rincón,Ranchería
85213,El Sahuaro,Ranchería
85213,El Yori,Ranchería
85213,Emilio Gámez (Rancho Aguacate la Nopalera),Rancho
85213,Engorda Nueva (Mario),Ranchería
85213,Enrique Guerra,Ranchería
85213,Enrique Valenzuela Paredes,Ranchería
85213,Familia Vega Encinas,Ranchería
85213,Fausto García,Ranchería
85213,Fernando Vega Verdugo,Ranchería
85213,Lucio Vega,Ranchería
85213,La Mesita,Ranchería
85213,Francisco Vega,Ranchería
85213,Los Arenales,Rancho
85213,Guadalupe Morales,Ranchería
85213,Ignacio Pazos Galaz,Ranchería
85213,Chong Luzanilla,Ranchería
85213,Jesús Chu Rivas,Ranchería
85213,Jesús María Vega Encinas,Ranchería
85213,Jorge Beltrán,Ranchería
85213,Juan Coronado Figueroa,Ranchería
85213,José María Iribe,Ranchería
85213,José María Ramos,Ranchería
85213,José Ochoa Orduño,Ranchería
85213,La Abejas,Ranchería
85213,La Camelia,Ranchería
85213,Miguel Quintero,Ranchería
85213,La Encantada,Ranchería
85213,La Loma,Ranchería
85213,La Negra,Ranchería
85213,La Nopalera,Ranchería
85213,La Palapa,Ranchería
85213,La Palma,Ranchería
85213,La Poza,Ranchería
85213,La Poza (El Parque),Ranchería
85213,La Traila,Ranchería
85213,La Veinticinco (Compuerta de Riego),Ranchería
85213,La Ventanita (Los Potreritos),Ranchería
85213,Compuerta 14,Ranchería
85213,La Cabra,Ranchería
85213,Nadia Germán Armenta,Ranchería
85213,Las Garzas,Ranchería
85213,Las Trancas,Ranchería
85213,Leyva Tamayo,Ranchería
85213,Los Chinitos,Ranchería
85213,Los Herrera,Ranchería
85213,Los Limones,Ranchería
85213,Los Naranjos (Los Muchachos),Ranchería
85213,Los Olivos,Ranchería
85213,Luis Bobadilla,Ranchería
85213,Manuel Morales,Ranchería
85213,María de Jesús Félix León,Ranchería
85213,La Escondida [Cornelio Vega Cuamea],Hacienda
85213,Mateo Rivas Domínguez,Ranchería
85213,Los Hechos (Ramón Vega),Ranchería
85213,San Rafael,Ranchería
85213,Joel Miguel Ángel Morales Acuña,Ranchería
85213,Óscar Castro,Ranchería
85213,Oviáchic,Ranchería
85213,Palo Blanco,Ranchería
85213,Palo Fierral,Ranchería
85213,Paseo el Arroyito,Ranchería
85213,Paseo el Paraíso,Ranchería
85213,Paseo la Gloria,Ranchería
85213,Delfina Cuamea Orduño,Ranchería
85213,Pedro Ramos,Ranchería
85213,Álvaro Obregón [Presa],Ranchería
85213,Presa Chiculi,Ranchería
85213,PTM,Ranchería
85213,Teresa Guizosa,Ranchería
85213,Ramón Olguín,Ranchería
85213,Ramón Palafox,Ranchería
85213,Campestre Agua Caliente,Ranchería
85213,Ramona Andrade (El Sabino),Ranchería
85213,Ranchito de Don Julio,Ranchería
85213,El Serrucho,Rancho
85213,De los Dos Hechos (El Bitachi),Rancho
85213,De Rafael Sonqui,Rancho
85213,Don Beto,Rancho
85213,Isaías (Panadero),Rancho
85213,Nuevo,Rancho
85213,Nuevo (Las Isabeles),Rancho
85213,San Rafael,Rancho
85213,Seco,Rancho
85213,René Mercado,Ranchería
85213,Represo (El Jeroglífico),Ranchería
85213,Rodolfo Monge,Ranchería
85213,Romeritos,Ranchería
85213,El Canelo,Ranchería
85213,José Ramos,Ranchería
85213,San Francisco,Ranchería
85213,El Niño Bronco,Ranchería
85213,Santa Amalia,Ranchería
85213,Santa Mercedes,Ranchería
85213,Santo Niño (Ignacio Chávez),Ranchería
85213,Seferino Encinas,Ranchería
85213,Sierra Vista,Ranchería
85213,Siete Canal Bajo (Loma Kilómetro Siete),Ranchería
85213,Tinidad Franco,Ranchería
85213,Tomás Vargas,Ranchería
85213,Los Reyes,Ranchería
85214,Agua de Enmedio,Ranchería
85214,Agua Escondida,Ranchería
85214,Aguaje la Escondida,Ranchería
85214,Álamo Raizudo,Ranchería
85214,El Aguajito,Ranchería
85214,El Aguajito,Ejido
85214,El Cajón,Ranchería
85214,El Carrizo,Rancho
85214,El Disparate,Ranchería
85214,El Disparate,Ejido
85214,El Olvido,Ranchería
85214,El Olvido,Ejido
85214,El Salto,Ranchería
85214,Guadalupe,Ranchería
85214,La Higuerita,Ranchería
85214,La Lagunita,Ranchería
85214,La Noria,Ranchería
85214,La Noria (Otereña),Ranchería
85214,La Pitahaya,Ranchería
85214,La Rabia,Ranchería
85214,La Rabia,Ejido
85214,La Tuna,Ranchería
85214,La Ventana,Ranchería
85214,La Ventana,Ejido
85214,Lomas de Peñasco Blanco,Ranchería
85214,Los Chinitos (Ejido Nogales),Rancho
85214,Los Herreras,Ranchería
85214,Los Nogales,Ejido
85214,Los Tres Cerritos,Ranchería
85214,Los Tres Puertos,Ranchería
85214,San José de la Cieneguita,Ranchería
85214,Técori,Ranchería
85214,Tres Cerritos,Ranchería
85215,El Ranchito,Pueblo
85215,Aforadora SARH,Ranchería
85215,Agua Caliente,Ranchería
85215,Agua del Zacate (Agua Zarca),Ranchería
85215,Agua Salada,Ranchería
85215,Corral de Piedra,Ranchería
85215,El Alamito,Ranchería
85215,El Apache,Ranchería
85215,El Cajoncito,Ranchería
85215,El Chiculi,Ranchería
85215,El Nacimiento,Ranchería
85215,El Pozo,Ranchería
85215,El Realito,Ejido
85215,El Sombrerete,Ranchería
85215,La Centradita,Ranchería
85215,La Tinaja,Ranchería
85215,Las Trancas,Ranchería
85215,Palo Fierro,Ranchería
85215,Palos Quemados,Ranchería
85215,Pascola,Ranchería
85215,Rogelio Lapizco,Rancho
85215,San José,Ranchería
85215,San José de Milpillas,Ranchería
85215,Tordillo,Ranchería
85216,Vicente Guerrero (El Portón),Ejido
85216,Alfonso Murrieta Ruiz,Ranchería
85216,Bachoco [Avícola],Ranchería
85216,Cajeme Productos Pecuarios,Ranchería
85216,Campo Millar,Ranchería
85216,El Alamito,Ranchería
85216,Quinta San Rafael,Ranchería
85216,El Realito (Carlos Esquer),Ranchería
85216,Guadalupe García Corral (El Sereno),Ranchería
85216,Francisco Javier Valenzuela,Ranchería
85216,La Indita,Ranchería
85216,Predio Esperancita (Andrés Almada Ceceña),Ranchería
85216,Predio Esperancita (Ejido Vicente Guerrero),Granja
85216,Ramón Camargo (El Predio),Ranchería
85216,Seminario Diocesano de Ciudad Obregón,Ejido
85216,Sesgado,Ranchería
85217,Las Caleras (La Calera),Ejido
85217,Estación Corral,Pueblo
85217,Loma de Guamúchil,Colonia
85217,Tajimaroa,Ranchería
85217,Babojori,Ejido
85217,Chiktula,Ranchería
85217,Chinabampo,Ranchería
85217,El Abolillo,Ranchería
85217,El Aguajito,Ranchería
85217,El Babojori,Ranchería
85217,El Cajón,Ranchería
85217,El Carrizo,Ranchería
85217,El Chichiquelite,Ranchería
85217,El Chupadero,Ranchería
85217,El Corohuis (Corohuisi),Ranchería
85217,El Dique,Ranchería
85217,El Gato,Ejido
85217,El Guayacán,Ranchería
85217,El Guayacán,Ejido
85217,El Recodo,Ranchería
85217,El Sombrerete,Ranchería
85217,Guadalupe Valenzuela Valdez,Ranchería
85217,La Aguja,Ranchería
85217,La Aurora,Ranchería
85217,La Calera de los Murrieta,Ranchería
85217,La Compuerta,Ranchería
85217,La Criba,Ranchería
85217,La Lagunita,Ranchería
85217,La Matanza,Ranchería
85217,La Mina,Ranchería
85217,La Noria,Ranchería
85217,La Pitahaya (El Tebari),Ranchería
85217,La Puerta,Ranchería
85217,La Sauceda,Ranchería
85217,La Sepultura,Ranchería
85217,La Viznaga,Ranchería
85217,La Viznaga del Yoreme,Ranchería
85217,Las Cuevitas,Ranchería
85217,Las Pilas,Ranchería
85217,Las Tortugas,Ranchería
85217,Las Tunas,Ranchería
85217,Loma de Corral (Lomas de Est Corral),Ranchería
85217,Los Chinos,Ranchería
85217,Los Muertos,Ranchería
85217,Los Pérez,Ranchería
85217,Ojo de Agua,Ranchería
85217,Otancahui,Ranchería
85217,Palo Fierro,Ranchería
85217,Pozo Dulce,Ranchería
85217,Puente del Ferrocarril,Ranchería
85217,De Florentino Villegas,Rancho
85217,De Odilón Tamayo,Rancho
85217,Otancahui (Kateuutu),Rancho
85217,Pénjamo,Rancho
85217,San Francisco,Ranchería
85217,San Juanico,Ranchería
85217,Techarobo,Ranchería
85218,La Tinajera,Colonia
85218,Puente de Picos,Colonia
85218,Don Poli,Ejido
85218,Adrenalina Track,Ranchería
85218,Agrícola DIO,Ranchería
85218,Aldo,Ranchería
85218,Alfonso Fuentes Camacho,Ranchería
85218,Alfredo Ruiz M (El Jacal),Rancho
85218,Amada Martínez de Castro,Ranchería
85218,Antonio Carrasco Martínez,Ranchería
85218,Antonio Paez,Ranchería
85218,Armando Borbón,Ranchería
85218,Arturo Carabéo,Ranchería
85218,Rancho Grande [Avícola],Granja
85218,Bachoco (Granja Reproductora Pesada),Granja
85218,Balo Reyes,Ranchería
85218,Beto Arzola,Ranchería
85218,Bordos del Bachoco,Ranchería
85218,Braulio,Ranchería
85218,Buhítos (Crianza Comercial 3160),Ranchería
85218,San Antonio,Ranchería
85218,Campito Cuevas,Ranchería
85218,Quinta Campestre los Álamos,Ranchería
85218,De Valenzuela,Rancho
85218,Catalinas,Rancho
85218,Campo de Ramos (Bahía),Ranchería
85218,El Campito,Ranchería
85218,Campo Dulce,Ranchería
85218,Campo Ernesto,Ranchería
85218,Campo mi Ilusión,Ranchería
85218,Campos,Ranchería
85218,Canal Alto Kilómetro Treinta y Uno,Ranchería
85218,Canal Porfirio Díaz (Bloquera Porfirio Díaz),Ranchería
85218,Carlos Valenzuela,Ranchería
85218,Carmen Cuen,Ranchería
85218,Carolina Block,Ranchería
85218,Cuadra Guadalupe,Ranchería
85218,Cástulo Amarillas,Ranchería
85218,Cay Intento,Rancho
85218,Imelda Meza,Ranchería
85218,César M Padilla,Rancho
85218,Cesáreo Juárez,Ranchería
85218,Constantino López (Kilómetro Siete),Ranchería
85218,Corral de Piedra,Ranchería
85218,Corrales Arvizu,Ranchería
85218,Corrales San Juan,Ranchería
85218,Cuadra Kalín,Ranchería
85218,Cutabampo (Mario Luna),Ranchería
85218,Doctor Rodríguez (La Escondida),Ranchería
85218,Dolores Juzaino,Ranchería
85218,Don Clement,Ranchería
85218,Dos Potrillos,Ranchería
85218,Edmundo Lugo,Ranchería
85218,Eduardo Balladares (Campo la Calavera),Ranchería
85218,Eduardo Macías Carranza,Ranchería
85218,Efraín López,Ranchería
85218,El Álamo,Ranchería
85218,El Álamo,Ejido
85218,El Bagao [Establo],Ranchería
85218,El Bajío,Ranchería
85218,El Campito,Rancho
85218,El Campito (Cribas),Ranchería
85218,El Chapote,Ranchería
85218,El Chicural,Ranchería
85218,Palofierro,Rancho
85218,El Dátil (Rancho la Palmita),Rancho
85218,El Dolar,Ranchería
85218,El Establo (Blanca Esthela Colomo) [Restaurante],Ranchería
85218,El Gatunoso (Ramón Payán),Ranchería
85218,El Guamuchil,Ranchería
85218,El Jazmín,Ranchería
85218,El Jito [Establo],Ranchería
85218,El Mezquite,Ranchería
85218,Abuela Nena,Rancho
85218,El Paraiso,Ranchería
85218,El Pato,Ranchería
85218,El Pilareño,Ranchería
85218,El Poli,Ranchería
85218,El Porvenir,Ranchería
85218,El Porvenir,Ejido
85218,El Quiniqui,Ranchería
85218,El Ranchito (Granja Rancho Grande),Granja
85218,El Reparo (Octavio Méndez),Ranchería
85218,El Represo,Ranchería
85218,El Potrero de los Crark,Ranchería
85218,El Sauzal,Ranchería
85218,El Sauzal,Ejido
85218,El Sibacobi,Ranchería
85218,San José [Engorda],Ranchería
85218,Enrique Quijada Galindo,Ranchería
85218,Ernesto Weihs Álvarez (Bahía),Ranchería
85218,Esperancita Diez,Ranchería
85218,Esperancita Trece,Ranchería
85218,Esther Rafaela Álvarez,Ranchería
85218,Roberto Terán,Ranchería
85218,Fausto,Ranchería
85218,Felipe Zamora,Ranchería
85218,Florentina Amarillas Rochin,Ranchería
85218,Flores Valenzuela (Charco Hondo),Ranchería
85218,Francisca Balladares,Ranchería
85218,Francisco Contreras Valenzuela,Ranchería
85218,Javier Villa,Ranchería
85218,Francisco Gutiérrez (El Álamo),Ranchería
85218,Francisco Villa,Ranchería
85218,Francisco Wilis (La Finca),Rancho
85218,Frente a PEMEX,Ejido
85218,Gerardo Cuén Contreras (La Virgen),Ranchería
85218,Graciela Enríquez Carrizosa,Ranchería
85218,Guadalupe Navarro,Ranchería
85218,Guayacán,Ranchería
85218,Héctor Mendívil,Ranchería
85218,Cuadra Doña Pancha,Ranchería
85218,Hipólito Rodríguez,Ranchería
85218,Huerta (Arturo Castro),Ranchería
85218,Ingeniero Puig (Terracerías y Nivelaciones),Ranchería
85218,Instituto Veracruz,Ranchería
85218,Isaac Miranda,Ranchería
85218,Jesús Alatorre (Kilómetro Siete),Ranchería
85218,Jorge Arturo Muñoz Campas,Ranchería
85218,José Gómez,Ranchería
85218,José Luis Rascón Barragán,Ranchería
85218,José Santillanez,Ranchería
85218,Juan Vicente Cota,Ranchería
85218,Puertas Blancas,Ranchería
85218,Yovan (Kilómetro Doce),Ranchería
85218,Kilómetro Treinta y Nueve,Ranchería
85218,Los Herrera,Ranchería
85218,Ranchito Querido,Ranchería
85218,La Bloquera (Loma de Esquer),Ranchería
85218,La Brecha,Ranchería
85218,La Cabaña,Ranchería
85218,La Cabaña,Rancho
85218,La Casona (La Ilusión),Ranchería
85218,La Ceiba de los Cuén,Ranchería
85218,La Criba (Sosa Rancho),Rancho
85218,La Cuadra Dorada,Ranchería
85218,La Cuchilla,Ranchería
85218,La Esperancita,Ranchería
85218,La Flor,Ranchería
85218,La Florida (Hacienda),Rancho
85218,La Gitana,Ranchería
85218,La Herradura,Ranchería
85218,La Huerta,Ranchería
85218,La Huerta Cuarto Poder (Huerta de Nuez),Ranchería
85218,La Ilusión,Ranchería
85218,La Ilusión,Ejido
85218,La Isleta Dos (Agapito),Ranchería
85218,La Loma,Ranchería
85218,La Loma,Ejido
85218,La Miseria,Ranchería
85218,La Palma (Rancho de Engorda la Palma),Rancho
85218,La Palmita,Ranchería
85218,La Pensión [Cuadra],Ranchería
85218,La Pitahaya,Ranchería
85218,La Ponderosa,Ranchería
85218,La Posesión,Ranchería
85218,La Primavera,Ranchería
85218,La Rancherita (Bordo del Canal),Ranchería
85218,La Reyna,Ranchería
85218,Chichiquelite,Ranchería
85218,La Trescientos,Ranchería
85218,La Villa,Ranchería
85218,Bernardo Ramos,Ranchería
85218,Lamberto Obregón,Ranchería
85218,Landavazo,Ranchería
85218,Las Amapas,Ranchería
85218,Las Compuertas,Ranchería
85218,Las Tres Verdades,Ranchería
85218,Las Vegas (La Huerta),Ranchería
85218,Los Alamitos,Ranchería
85218,Los Álamos,Ranchería
85218,Los Algodones,Ranchería
85218,Los Berrelleza,Ranchería
85218,Los Cuatro Tarachi,Ranchería
85218,Los Garcías,Ranchería
85218,Cuadra la Nogalera,Ranchería
85218,La Herradura (Alberto Zataraín),Rancho
85218,Los Naranjos (La Zapeta),Ranchería
85218,Los Novatos,Ranchería
85218,Manuel García,Ranchería
85218,Los Tambos,Ranchería
85218,Los Tejabanes,Ranchería
85218,Los Tres Regalos,Ranchería
85218,Los Vega,Ranchería
85218,Manuel Alcantar [Predio Esquer],Ranchería
85218,Manuel Lugo,Ranchería
85218,José Luis Ochoa,Ranchería
85218,Esquer,Ranchería
85218,Mateo Quiñones,Ranchería
85218,La Marquesa,Ranchería
85218,Naranjito (Los Cuhen),Ranchería
85218,Noé Carrizosa,Ranchería
85218,Norberto Leyva,Ranchería
85218,Nueva Creación,Ranchería
85218,Mirage,Rancho
85218,San Carlos [Campestre],Ranchería
85218,Óscar Ruso Salido (La Parcela),Ranchería
85218,Óscar Salazar,Rancho
85218,Pablo Estirado,Ranchería
85218,Palo Fierro,Ranchería
85218,Palofierro,Ranchería
85218,Paloma Ranch,Ranchería
85218,Lourdes Valenzuela,Ranchería
85218,Porfirio Buitimea Mocobachi (La Esperancita),Ranchería
85218,Porfirio Castro,Ranchería
85218,La Virgen [Campo],Ranchería
85218,Predio Salazar,Ranchería
85218,Criba de los 7 Hermanos,Ranchería
85218,Quinta Arcelia,Ranchería
85218,Quinta San Jacinto,Ranchería
85218,Raúl Méndez,Ranchería
85218,Ramiro Cervantes (Las 3 R),Ranchería
85218,Ramón Álvarez (Cutabampo),Ejido
85218,Ramona Ríos,Ranchería
85218,Bajío las Palmas,Rancho
85218,De Galindo,Rancho
85218,La Chinita,Rancho
85218,Gallo Giro,Rancho
85218,Las Praderas,Rancho
85218,Nene,Rancho
85218,Nuevo la Paloma,Rancho
85218,San Anselmo,Rancho
85218,Martín Palafox,Ranchería
85218,San Carlos,Rancho
85218,San Judas,Rancho
85218,Rancho San Luis,Granja
85218,Santa Fe,Rancho
85218,Tehson,Rancho
85218,Soles Najul,Ranchería
85218,Raymundo Ramos,Ranchería
85218,Raymundo Vivian,Ranchería
85218,Regalado (El Rancho R4),Rancho
85218,Roberto Valencia,Ranchería
85218,Román Quintero,Ranchería
85218,Rumaldo Morales (El Mango),Ranchería
85218,San Antonio,Hacienda
85218,San Antonio,Ejido
85218,San Antonio,Rancho
85218,San Antonio,Rancho
85218,San Antonio,Granja
85218,El Descanso,Exhacienda
85218,San Antonio (Bahía de Perla),Ranchería
85218,San Antonio (Los Hoyos),Ranchería
85218,San Bartolo,Ranchería
85218,San Fernando (Agustín Ibarra),Ranchería
85218,San Francisco de la Huerta,Ranchería
85218,San Judas,Ranchería
85218,San Martín,Ranchería
85218,Los Valientes,Ranchería
85218,San Miguelito,Ejido
85218,San Pancracio,Ranchería
85218,Santa Anita,Ranchería
85218,Santa Cruz,Ranchería
85218,Santa Rosa,Ejido
85218,Santa Rosa,Ranchería
85218,Santa Rosa,Rancho
85218,Santo Niño,Ranchería
85218,Siete Hermanos,Ranchería
85218,Tanque de León (José Romero),Ranchería
85218,Trini Zavala (El Mezquite),Ranchería
85218,Uly Ely,Ranchería
85218,Veracruz (El Chorizo),Ranchería
85218,Vicente Mejía Dávila (Campo San Antonio),Ranchería
85218,Víctor Acosta Valenzuela,Ranchería
85218,Los Magueyes,Ranchería
85219,La Huerta,Colonia
85219,Cócorit,Pueblo
85219,La Calavera,Barrio
85219,8 Pueblos,Barrio
85219,Viviano Murieta,Colonia
85219,Eduardo Estrella,Colonia
85219,El Alhuate,Barrio
85219,El Comti,Barrio
85219,San José,Barrio
85219,Sendero Real,Fraccionamiento
85219,Alameda,Fraccionamiento
85219,Campestre,Colonia
85219,Nueva Creación Cócorit,Colonia
85220,Benito Juárez (La Granja),Granja
85220,Jopopaco,Ranchería
85220,Masiaca,Pueblo
85220,San José Masiaca,Ejido
85220,Huebampo,Colonia
85220,Choacalle,Ranchería
85220,Cucajaqui,Ejido
85220,Bulabampo,Rancho
85220,El Sabinito de Tesia (Tesia y Sus Anexos),Ranchería
85220,Estación Masiaca,Ranchería
85220,Felipe Ángeles,Ranchería
85220,Guacaporo (Bacaporo),Ranchería
85220,Huiribis,Ranchería
85220,La Finca,Rancho
85220,Las Amapas (Rancho el Jito),Rancho
85220,Las Flores,Ranchería
85220,Los González,Ranchería
85220,Los Mochócolis,Ranchería
85220,Piedra Baya,Ranchería
85220,Presa Nueva,Ranchería
85220,Sahuaro,Granja
85220,San Josecito,Ranchería
85220,San Pedrito,Ranchería
85222,Huasaguari,Hacienda
85222,San Antonio de los Ibarra (San Antonio),Ejido
85222,Teachive,Ranchería
85222,Adolfo de la Huerta,Ejido
85222,Agua Nueva,Ranchería
85222,Hacienda San Antonio,Rancho
85222,Jusibampito,Ranchería
85222,La Aguja,Ranchería
85222,La Esmeralda,Ranchería
85222,Las Milpas,Ranchería
85222,Las Víboras,Ranchería
85222,Planta NOROTOSA,Ranchería
85222,Atalaya,Rancho
85222,Nuevo,Rancho
85222,Torocoba,Ranchería
85222,Yopari,Rancho
85223,El Campito,Rancho
85223,Bacabachi,Colonia
85223,Los Buayums,Pueblo
85223,El Saneal,Colonia
85223,Francisco I Madero Dos,Ejido
85223,Licenciado Luis Echeverría Álvarez,Ejido
85223,Alfredo Karam,Ranchería
85223,Álvarez Hermanos,Ranchería
85223,Álvarez Hermanos,Ejido
85223,Álvarez Hermanos,Rancho
85223,Amador Almada,Ranchería
85223,Bacabachi (La Granja),Granja
85223,Campo Girasol,Rancho
85223,Canuto Aguilar (Campo Canuto),Ranchería
85223,El Reparo,Ranchería
85223,El Saneal (La Granja),Granja
85223,La Esperanza,Ranchería
85223,La Esquina Valdez (Puente Valdez),Ranchería
85223,La Potable,Rancho
85223,La Potable,Ranchería
85223,Las Bombas,Ranchería
85223,Las Caballerizas (Campo Ruiz),Ranchería
85223,Macías,Ranchería
85223,Macías,Ejido
85223,Plano Oriente,Ranchería
85223,Puente San Ignacio,Ranchería
85223,San Juan (La Noria),Ranchería
85223,San Martín Chuachora,Rancho
85223,Tiqui Torres,Ranchería
85224,Chirajobampo,Colonia
85224,Sinahuisa,Colonia
85224,Antonio Rosales (Las Ánimas),Ejido
85224,Los Jitos,Granja
85224,Boza [Agropecuaria],Ranchería
85224,Arturo Almada,Ranchería
85224,Bachoco,Ranchería
85224,Bórquez,Ranchería
85224,Campo Bojórquez,Ranchería
85224,Campo Chacón,Ranchería
85224,Campo de Jesús Almada,Ranchería
85224,Campo Roberto Rosas,Ranchería
85224,Campo Santa Mónica,Ranchería
85224,Capetamaya,Ranchería
85224,Capetamaya Granja Rosita (La Rosita),Ranchería
85224,Casa Blanca,Ranchería
85224,Compuerta Treinta y Ocho,Ranchería
85224,DER Agrícola,Ranchería
85224,Primero de Abril,Ranchería
85224,El Abajeño [Restaurante],Ranchería
85224,El Barrial,Ranchería
85224,El Ciclón [Avícola],Ranchería
85224,El Cuatro,Ranchería
85224,El Abajeño,Ranchería
85224,El Milagro,Ranchería
85224,El Papalote,Ranchería
85224,Rábago [Campo Agrícola],Ranchería
85224,Germán Corral,Ranchería
85224,Arturo Almada,Rancho
85224,La Huerta,Ranchería
85224,Lolita,Ranchería
85224,Los Bórquez,Ranchería
85224,Los Pinos,Ranchería
85224,Martínez,Ranchería
85224,Mazolay,Ranchería
85224,Molino de Almada,Ranchería
85224,Nacapul,Ranchería
85224,Norisina,Ranchería
85224,Pedro Almada,Ranchería
85224,Ramón Zazueta,Ranchería
85224,De los González,Rancho
85224,Rodolfo Rosas,Ranchería
85224,Santa Isabel (Los Cocos),Ranchería
85224,Saucobe,Ranchería
85224,Tetacruz,Ranchería
85224,Tres Jitos (Los Carrazco),Ranchería
85224,Veintisiete,Ranchería
85224,Fernando Yépiz Rosas,Ranchería
85224,Yorimayo,Ranchería
85225,Sapochopo,Ranchería
85225,El Barrial,Ranchería
85225,Ucamayo [Algodonera],Ranchería
85225,San Alfonso,Ranchería
85225,Rubén Valenzuela,Ranchería
85226,Chinotahueca,Ranchería
85226,El Jopo,Ranchería
85226,Sapomora,Ranchería
85226,5 de Junio,Ejido
85226,Aldegundo,Ranchería
85226,Héctor Arreola,Ranchería
85226,Buenavista,Ranchería
85226,Campo Aguadulce,Ranchería
85226,Campo de Guillermo Giesecke,Ranchería
85226,Campo Valenzuela,Ranchería
85226,Campo Zazueta,Ranchería
85226,Abraham Mendívil Portillo,Ranchería
85226,Colegio del Pacífico,Equipamiento
85226,El Barrial,Ranchería
85226,El Barrial Kilómetro Doce,Ranchería
85226,Guadalupe,Ranchería
85226,Don Pepe,Exhacienda
85226,Héctor Arreola,Rancho
85226,Jupacobe,Ranchería
85226,Kilómetro Catorce,Ranchería
85226,La Bomba,Ranchería
85226,Las Carolinas (Cahurara) [Huerta],Ranchería
85226,Las Dos Palmas,Ranchería
85226,Los Arvizu,Ranchería
85226,Epifanio Zazueta,Ranchería
85226,Los Pinos,Ranchería
85226,Manuel Godínez,Ranchería
85226,Navarro,Ranchería
85226,Los Parosis,Ranchería
85226,Ada [Planta Procesadora de Granos],Ranchería
85226,Robinson,Ranchería
85226,San Gerardo,Ranchería
85226,San José,Ejido
85226,San José Chinotahueca,Ranchería
85226,Santa Anita,Ranchería
85226,Santa Isabel,Ranchería
85226,Sicoma,Ranchería
85226,Sicoma (Bachoco),Ranchería
85227,Batayaqui,Ejido
85227,San José,Rancho
85227,Junelancahui (Joconas),Ejido
85227,Aquimulato,Ranchería
85227,Casa Blanca,Ranchería
85227,Chinobampo,Ranchería
85227,El Chilicote,Ranchería
85227,El Tecolote,Ranchería
85227,El Viejo Batayaqui,Ranchería
85227,Etchomocha,Ranchería
85227,SONMEX [Industrias],Zona industrial
85227,Jusibampo,Ranchería
85227,Las Chivas,Ranchería
85227,Los Cuatro,Rancho
85227,Masubampo (Nasubampo),Ranchería
85227,Miguel Hidalgo,Ejido
85227,Porcina Cocutec,Granja
85227,San Alfonso,Granja
85227,La Soledad,Rancho
85227,San Juan,Granja
85227,Singapur,Ranchería
85228,Rancho Camargo,Ranchería
85228,El Recodo,Colonia
85228,Nachuquis (San Antonio Nachuquis),Colonia
85228,Rancho del Padre,Ejido
85228,Punta de la Laguna,Ejido
85228,Algodonera,Ranchería
85228,Bacerán,Rancho
85228,Cohuirimpo,Ranchería
85228,Cutataila,Rancho
85228,Daniel Camacho,Ranchería
85228,El Cumbro,Ranchería
85228,Familia Ozuna Ayala,Ranchería
85228,Francisco Clemen Bretano,Ranchería
85228,Kutantaka,Ranchería
85228,Huerta,Ranchería
85228,Las Tierritas,Ranchería
85228,Mario Ramírez Rincón,Ranchería
85228,Santa Isabel,Ranchería
85228,Querobabi [Campo Agrícola],Ranchería
85228,Tesotahueca,Ranchería
85228,Torobene,Ranchería
85229,Bemelabampo,Ranchería
85229,Chihuahuita,Ranchería
85229,Cuchilla de Bahuises,Ranchería
85229,El Siviral,Ranchería
85229,Corrales la Quince,Ranchería
85229,El Árbol Caído [Restaurante],Ranchería
85229,El Campito,Ranchería
85229,El Dátil,Ranchería
85229,El Limón,Ranchería
85229,Mezquital de Abajo,Ranchería
85229,El Molino,Ranchería
85229,El Rancho,Equipamiento
85229,El Saucito,Ranchería
85229,El Sauz,Ranchería
85229,Huerta Aguilera,Ranchería
85229,Josonteco,Ranchería
85229,La Quince,Rancho
85229,Los Aguacates [Huerta],Ranchería
85229,Los Briseño,Ranchería
85229,Los Limones,Rancho
85229,Margarita,Ranchería
85229,Margarita,Ejido
85229,Pedro [Porcina],Ranchería
85229,Quinta Angelina,Ranchería
85229,Santa Anita,Ranchería
85229,Santa María,Ranchería
85230,Los Bahuises,Pueblo
85230,Guaymitas,Ranchería
85230,La Cruz de Rosales,Ranchería
85230,Santa Bárbara,Ranchería
85230,Valle Buey,Ranchería
85232,Basiabampo,Ranchería
85232,General Gabriel Leyva Solano (Gabriel Leyva),Ranchería
85232,Agropecuaria Tecorahui,Ranchería
85232,Alinsumos,Ranchería
85232,Babójori,Ranchería
85232,El Dolar,Ranchería
85232,El Pollín,Ranchería
85232,El Tori,Ranchería
85232,Las Iguanas,Ranchería
85232,Los Cuates,Ranchería
85232,Margarita,Ranchería
85232,San Martín,Ranchería
85233,Engorda Fundición,Granja
85233,Etchohuaquila,Colonia
85233,Fundición,Colonia
85233,Guadalupe de Juárez,Pueblo
85233,Jostahueca,Hacienda
85233,Musuabampo,Ranchería
85233,Agiabampo,Ranchería
85233,Tessenderlo Kerley,Ranchería
85233,Caseta de Cobro,Ranchería
85233,Engorda Yoreme,Rancho
85233,El Retiro,Ranchería
85233,El Retiro,Ejido
85233,Elsa,Ranchería
85233,Engorda Campoy,Ranchería
85233,Esperancita,Ejido
85233,Estación de FFCC Sección Dieciocho,Ranchería
85233,Estación Velderráin,Ranchería
85233,Eugenia,Ranchería
85233,Gabriela,Ranchería
85233,Genes,Ranchería
85233,Granja Sonqui (La Tuna),Ranchería
85233,Guadalupe Sonqui,Ranchería
85233,La Bombita,Ranchería
85233,La Choya 4,Ranchería
85233,La Sandía,Ranchería
85233,Loma Linda,Ranchería
85233,Los Batequis,Ranchería
85233,Los Buhitos,Ranchería
85233,Los Magueyes,Ranchería
85233,San Francisco,Ranchería
85233,San Germán,Ranchería
85233,San Ricardo,Ranchería
85233,Santa María del Buaraje,Colonia
85233,Susana,Ranchería
85233,Tamazula,Ranchería
85234,Buáraje Viejo,Ejido
85234,El Sifón (Sifón Canal Alto),Ranchería
85234,Joaquín Amaro,Ejido
85234,Avícola Sonqui,Ranchería
85234,Bachoco Veinticinco Diecisiete,Ranchería
85234,Oviáchic 2,Ranchería
85234,Familia Félix Cervantes,Ranchería
85234,Campo Antonio Zazueta (Las Ruinas),Ranchería
85234,Campo Arvizu,Ranchería
85234,Campo Cuauhtémoc,Ranchería
85234,Campo del Gringo,Ranchería
85234,Ignacio Pablos,Ranchería
85234,Campo José Gastélum,Ranchería
85234,Che Guevara,Ranchería
85234,Revolución Mexicana,Ejido
85234,El Gachupín,Ranchería
85234,El Invernadero,Ranchería
85234,Feriva,Ranchería
85234,La Laguna Mondaca,Ranchería
85234,Lamberto Arvizu,Ranchería
85234,Licenciado Miguel de la Madrid Hurtado,Ranchería
85234,Miguel de la Madrid Dos,Ranchería
85234,Miguel de la Madrid Dos,Ejido
85234,Miguel de la Madrid Uno,Ranchería
85234,Oviáchic,Ranchería
85234,Planta de Aguamonia,Ranchería
85234,Tres Arbolitos,Ranchería
85235,Santa Rosa,Hacienda
85235,El Jijiri,Ranchería
85235,Tetapeche,Ranchería
85235,Tierra Blanca,Ranchería
85235,La Pera,Ranchería
85235,Altamira,Ranchería
85235,Barebampo,Ranchería
85235,Casa Blanca,Ranchería
85235,Cuchujaqui,Ranchería
85235,El Chapulín,Ranchería
85235,El Core,Ranchería
85235,Graciano Sánchez (Yorigibe),Ranchería
85235,Jaitaca,Ranchería
85235,Juan Diego,Ranchería
85235,Jusibampo,Ranchería
85235,La Labor de Santa Rosa,Ranchería
85235,La Perita,Ranchería
85235,Las Lajas,Ranchería
85235,Las Pilas,Ranchería
85235,Palo Blanco,Ranchería
85235,Ranchería,Ranchería
85235,Jaitaca,Rancho
85235,Las Granjas,Rancho
85235,Ojeda,Rancho
85235,Santa María,Ranchería
85236,Navomora,Ejido
85236,Pueblo Mayo,Pueblo
85236,Avícola Rancho Grande,Granja
85236,Bacame Nuevo,Ranchería
85236,Gilberto Barceló,Ranchería
85236,Ignacio Pesqueira,Ejido
85236,La Batalla,Ejido
85236,Pozo Dulce,Ranchería
85236,Raymundo López,Ranchería
85236,Linda Vista,Ranchería
85237,Tres Hermanos,Ranchería
85237,Camoa,Ejido
85237,Barrio Cantúa,Colonia
85237,Santa Bárbara,Ejido
85237,Siquisiva,Granja
85237,Las Pilas,Rancho
85237,Barrio Corral,Ranchería
85237,El Sabino,Ranchería
85237,El Tablón,Ranchería
85237,El Tecolote,Ranchería
85237,Las Bombas,Ranchería
85238,Crianza Tesia,Granja
85238,La Laguna de Tesia,Ranchería
85238,Chibucú,Ranchería
85238,El Chapote,Ranchería
85238,Mezquital de Tesia,Ranchería
85238,Sibacobe,Ranchería
85238,Tesia,Pueblo
85238,Los Limones,Ranchería
85238,El Alamito,Ranchería
85238,El Sahueso,Rancho
85238,Las Guásimas (El Japonés),Ranchería
85238,Las Guásimas,Rancho
85238,Las Hurracas,Ranchería
85238,San Carlos Cuatro [Porcina],Ranchería
85238,San Carlos Tres [Porcina],Ranchería
85238,San Francisco,Ranchería
85238,Santa Isabel,Ranchería
85239,Agiabampo,Ejido
85239,Buiyacusi,Ranchería
85239,Capohuiza,Ranchería
85239,Loma del Refugio,Ranchería
85239,Mezquital de Buiyacusi,Ranchería
85239,Rosales,Ranchería
85239,Buenos Aires,Ranchería
85239,El Triunfo,Ranchería
85239,Juan Carlos Cuevas [Empacadora],Ranchería
85239,Fitosanitaria (Estación Cuarentenaria),Ranchería
85239,Las Pilitas,Ranchería
85239,Agiabampo,Ranchería
85239,San Juan,Ranchería
85239,Turi Kowi,Ranchería
85239,Túcuri de Abajo,Ranchería
85239,Vivajímari,Ranchería
85239,Yorentamehua,Ranchería
85240,Citaváro,Ejido
85240,Etchoropo,Colonia
85240,La Reforma,Hacienda
85240,La Unión (Cuadro Once),Rancho
85240,Las Parras,Ejido
85240,Moroncárit,Pueblo
85240,Pozo Dulce,Ejido
85240,Sahuaral de Otero (Sahuaral de Abajo),Ejido
85240,Agropecuaria Jupateco,Ranchería
85240,El Dátil,Ranchería
85240,El Naranjo,Ranchería
85240,Estero Aquiropo,Ranchería
85240,Huirojara,Ranchería
85240,Janitzio,Ranchería
85240,Jinamaqui,Ranchería
85240,Jupagojori,Ranchería
85240,Las Parritas (El Changuito),Ranchería
85240,Morelos,Ranchería
85240,Pozo Dulce,Ranchería
85240,De Anguis,Rancho
85241,Baburo,Colonia
85241,El Caro,Ejido
85241,El Sufragio,Ranchería
85241,Zamicarit,Ranchería
85241,El Caro,Ranchería
85241,El Chinalito,Ranchería
85241,El Vigía,Ranchería
85241,Jupateco,Ranchería
85241,La Alameda,Ranchería
85241,La Cochera,Rancho
85241,La Rueda (Morelos),Rancho
85241,La Trinidad,Ranchería
85243,El Porvenir,Ranchería
85243,El Alto San Cristóbal,Ranchería
85243,La Línea,Ranchería
85243,La Mielera,Ranchería
85243,La Rosita,Colonia
85243,Palo Verde,Ranchería
85243,Agropecuaria Rampar,Ranchería
85243,Rosas,Ranchería
85243,Legumbres de los Arellanes,Ranchería
85243,Serna,Ranchería
85244,La China,Ranchería
85244,La Galera,Hacienda
85244,Las Mamias,Ranchería
85244,Capazeta (Buelna),Ranchería
85244,El Gato,Ranchería
85244,La Esquina,Ranchería
85245,30 de Abril,Colonia
85245,Buiyarumo,Ranchería
85245,Huepaco,Rancho
85245,Júpare,Colonia
85245,La Primavera,Ejido
85245,Las Flores,Ranchería
85245,Navobaxia,Colonia
85245,Pueblo Viejo,Colonia
85245,17 de Octubre,Colonia
85245,Agropecuaria Faromo,Ranchería
85245,Bracamontes,Ranchería
85245,Chijubampo,Ranchería
85245,Cicivari,Ranchería
85245,El Chapote,Ranchería
85245,El Embarcadero,Ranchería
85245,El Juparito (Huepaco),Ranchería
85245,El Marro,Ranchería
85245,Huerta Linda,Ranchería
85245,La Colonita,Ranchería
85245,La Hacienda de los Vey (Los Chinos),Ranchería
85245,La Laguna,Ranchería
85245,La Primavera Sur,Ranchería
85245,La Primavera,Rancho
85245,La Quinta Chía,Ranchería
85245,Pablo Gómez Cota (La Primavera),Ranchería
85245,Santa Rosa (La Piocha),Ranchería
85246,El Tábare,Ejido
85246,Las Milpas,Ranchería
85246,El Mazaray,Ranchería
85246,Aquichopo,Ranchería
85246,Camajoa,Ranchería
85246,La Arenita,Ranchería
85246,La Esquina,Ranchería
85246,Oraba,Ejido
85247,Bachantahui,Ejido
85247,Los Buitbores,Colonia
85247,La Cuchilla del Etchoropo,Ranchería
85247,La Escalera,Ranchería
85247,La Esperanza,Rancho
85247,Loma de Etchoropo,Pueblo
85247,Mochibampo,Ranchería
85247,La Sábila,Colonia
85247,El Riíto,Ejido
85247,6 de Enero,Colonia
85247,Adrián Anguamea,Ranchería
85247,Agroinsumos Urrea,Ranchería
85247,Bacapaco,Ranchería
85247,Cautebe,Ranchería
85247,Chapultepec,Ranchería
85247,El Riíto de Mazaray (Riíto Muerto),Ranchería
85247,Estero Santa Bárbara,Ranchería
85247,Huacaporo,Ranchería
85247,Juliantabampo,Rancho
85247,Las Guayabitas,Ranchería
85247,Los Boquivos,Ranchería
85247,Estrella,Rancho
85247,Santini,Ranchería
85247,Sepobampo,Ranchería
85247,Torocoba,Ranchería
85248,Loma de Moroncárit,Colonia
85249,Campo Diecinueve,Colonia
85249,San Antonio,Ranchería
85249,Alto de Silverio,Ranchería
85249,Campo de Arturo Martínez,Ranchería
85249,Campo de Eduardo Santini,Ranchería
85249,Campo Gutiérrez,Ranchería
85249,Campo Miguel Alatorre,Ranchería
85249,Campo Romo,Ranchería
85249,Campo San Francisco,Ranchería
85249,Campo Trini Rosas,Ranchería
85249,Campo Urrea Mumuncuera,Ranchería
85249,El Gallo,Ranchería
85249,El Martillo,Ranchería
85249,Jojurari,Rancho
85249,Héctor Urrea,Ranchería
85249,La Choya,Ranchería
85249,La Cuchilla de San Antonio,Ejido
85249,La Curva,Ranchería
85249,La Curva,Colonia
85249,La Paila,Ranchería
85249,La Pitahaya,Ranchería
85249,La Regla (Los Rodríguez),Ranchería
85249,Larriñiga,Ranchería
85249,Los Cuates,Ranchería
85249,Los Elizondos,Ranchería
85249,Los Noventa,Ranchería
85249,Los Patos,Ranchería
85249,Los Pinos (Elías Karam),Ranchería
85249,Luis Echeverría Zuno,Ejido
85249,Macías,Ranchería
85249,Martínez,Ranchería
85249,Mumuncuera,Ranchería
85249,Mumuncuera (Campo los Verdugo),Ranchería
85249,Pascual Orozco,Ranchería
85249,Pitahaya (Arturo Martínez),Ranchería
85249,Predio Mumuncuera,Ranchería
85249,Roberto Romo,Ranchería
85249,San Ignacio (La Bomba),Ranchería
85249,San Javier,Ranchería
85249,Santa Julia,Ranchería
85249,Serbel,Rancho
85249,Tepahui Dos,Ranchería
85249,Tepahui Uno,Ranchería
85249,Unificación Campesina (Cola Seca),Ejido
85249,Urrea (El Caballito),Ranchería
85249,Yocupicio,Ranchería
85250,Las Bocas,Pueblo
85250,Estación Luis,Paraje
85250,Sirebampo,Colonia
85250,Las Ánimas,Ranchería
85250,Buiyagojo,Ranchería
85250,Cerco de Huico,Ranchería
85250,Chichibojoro,Ranchería
85250,Chichibojoro (Coteco),Ranchería
85250,El Trailero [Restaurante],Ranchería
85250,Guadalupe Estrella (Kilómetro Ciento Siete),Ranchería
85250,Jitosiáric,Ranchería
85250,Kilómetro Ciento Uno,Ranchería
85250,La Bomba,Ranchería
85250,Loma de los Angelitos,Ranchería
85250,Lonchería Carolina,Ranchería
85250,Los Angelitos Reubicación,Ranchería
85250,Los Ortega,Ranchería
85250,Mario Yocupicio,Ranchería
85250,Míriam [Restaurante],Ranchería
85250,Rosita [Restaurante],Ranchería
85250,San Isidro,Ranchería
85250,Zenaida (Los Angelitos) [Restaurante],Ranchería
85251,Bachoco,Ranchería
85251,Jambiolabampo Uno,Ejido
85251,Yavaritos,Ranchería
85251,Adolfo López Mateos,Ejido
85251,Bajerobeta (Playa Bachoco),Ranchería
85251,El Apache,Ranchería
85251,El Crucero,Ranchería
85251,Faustino Félix Serna,Ranchería
85251,Jambiolabampo Dos (Los Pollos),Ranchería
85251,Playa la Ballena,Ranchería
85251,Playa Tojahui,Ranchería
85251,Tojahui,Ranchería
85252,Bawe See e (Arena de Mar),Fraccionamiento
85252,Aquaprim,Granja
85252,Yavaros (Isla las Viejas),Pueblo
85252,Miramar,Colonia
85252,La Técnica,Ranchería
85252,Playa Huatabampito,Equipamiento
85253,Camahuiroa,Ejido
85253,Bachimojaqui,Ranchería
85253,El Santo (Bachomojaqui),Ranchería
85253,Playa Bachomojaqui,Ranchería
85253,Playa Camahuiroa,Colonia
85254,10 de Abril,Ejido
85254,Tierra y Libertad,Ejido
85254,Benito Juárez,Ejido
85254,Café Lupita (Luchy),Ranchería
85254,El Abrileño [Restaurante],Ranchería
85254,La Loma de Estación Luis (Las Vías),Ranchería
85255,Juan Escutia,Ejido
85255,Los Toltecas,Ejido
85255,Guadalupe Victoria,Ejido
85255,El Ranchito (Yujumary),Ranchería
85255,Jubarebampo,Ranchería
85255,Lucía,Ranchería
85256,Francisco Sarabia,Ejido
85256,Sonora Sinaloa (Bamocha),Ejido
85256,Manuel Caudillo,Ejido
85256,24 de Febrero,Ejido
85256,Agropecuaria Villa Hermosa,Ranchería
85256,Cerrillos,Ranchería
85256,Emiliano Zapata Dos,Ranchería
85256,María Emma,Ranchería
85256,Masobampo,Ranchería
85256,Porcina Soles,Ranchería
85257,Juan de la Barrera,Ejido
85257,Totoliboqui,Ejido
85257,El Palomo,Ranchería
85257,Fuerte Mayo [Acuícola],Ranchería
85257,Las Águilas,Ranchería
85257,Navopatía,Ranchería
85257,Playa los Baños,Ranchería
85258,Agiabampo Uno,Ejido
85258,Álvaro Obregón,Ejido
85258,Melchor Ocampo,Ejido
85258,Plutarco Elías Calles,Ejido
85258,Acuícola Clej,Granja
85258,Área Comercial los Toltecas,Ranchería
85258,El Nacapul,Ejido
85258,Lucio Blanco,Ranchería
85258,Bamocha,Rancho
85259,Venustiano Carranza,Ejido
85259,Agiabampo Dos,Ejido
85259,Don Gerardo Alamea,Paraje
85259,Emiliano Zapata Uno,Ejido
85259,Agiabampo Dos (El Cuadrado),Ranchería
85259,Agiabampo Número Dos (El Campito),Ejido
85259,Emiliano Zapata,Ranchería
85259,Estación Don,Ranchería
85259,Estación Fitopecuaria,Ranchería
85259,Insurgentes de Pueblo Yaqui,Colonia
85259,La Panchita [Restaurante],Ranchería
85259,Mayo Fuerte,Ejido
85259,Porcina Carranza,Ranchería
85259,Torocobampo,Ejido
85260,Gardenias,Colonia
85260,Nueva Creación,Colonia
85260,Santa Rosa,Colonia
85260,Tu Casa Bácum,Colonia
85260,VIVAH Bácum,Fraccionamiento
85260,Bácum,Pueblo
85260,Sepúlveda,Rancho
85265,Rosario Osuna,Colonia
85265,VIVAH San José de Bácum,Colonia
85265,La Cooperativa,Ranchería
85265,San José de Bácum Centro,Pueblo
85265,La Escuelita (La Cooperativa),Ranchería
85268,Manuel Solís,Ranchería
85268,Santa Teresa,Ejido
85268,Campo Aurora (Aurora),Ranchería
85270,Diana Laura Riojas,Colonia
85270,Félix Barra García,Colonia
85270,Loma Blanca,Colonia
85270,Luis Donaldo Colosio,Colonia
85270,Pueblo Nuevo,Colonia
85270,VIVAH Francisco Javier Mina,Colonia
85270,Francisco Javier Mina (Campo 60),Pueblo
85275,Pablo Borquez (Seis y Nueve),Rancho
85275,Cortines,Ejido
85275,El Juvani,Ejido
85275,Miguel Alemán (La Noria),Ejido
85275,Primero de Mayo (Campo 77),Ejido
85275,Independencia (Campo 104),Ejido
85275,La Ocho,Ranchería
85276,Loma de Bácum,Ranchería
85276,Bataconcica (Museo Chopocuni),Ranchería
85276,La Bomba (Juan Maldonado Tetabiate),Ranchería
85276,Chucari,Ranchería
85276,Jori,Ranchería
85276,La Caída,Ranchería
85276,La Miseria (Loma Chiquitita),Ranchería
85277,La Tina,Ranchería
85277,Atotonilco,Ejido
85277,Villa Guadalupe,Ejido
85277,San José,Ranchería
85278,Agua Caliente,Ranchería
85280,13 de Octubre,Colonia
85280,14 de Febrero,Colonia
85280,Armando López Nogales,Colonia
85280,Beltrones,Colonia
85280,El Crucero,Colonia
85280,El Jito,Colonia
85280,El Panteón,Colonia
85280,El Rastro,Colonia
85280,Independiente,Colonia
85280,Laura Alicia Frías de López Nogales,Colonia
85280,Leobardo Ibarra Gandara,Colonia
85280,Nueva Reubicación,Colonia
85280,Nueva Tosalicarit,Colonia
85280,Obrera,Colonia
85280,Olegario Carrillo,Colonia
85280,Pueblo Viejo,Colonia
85280,Solidaridad,Colonia
85280,Nueva Esperanza,Colonia
85280,Salvador Valenzuela,Colonia
85280,Etchojoa,Pueblo
85280,Luis Donaldo Colosio,Fraccionamiento
85280,19 de Julio,Colonia
85280,Progresista,Colonia
85283,Abelino Fernández,Ranchería
85283,Guaytana,Ranchería
85283,Lázaro Cárdenas (Mayojusálit),Ejido
85283,Las Boras,Rancho
85283,Agustín Melgar,Ejido
85283,Bacame Nuevo,Colonia
85283,Familia Acosta Ruiz,Ranchería
85283,Iniciación Número 2,Granja
85283,Enrique Cambustón Litera,Ejido
85283,Joel Navarro Montoya,Ranchería
85283,Los Rodríguez,Ranchería
85283,Familia Ruiz Tapia,Ranchería
85283,Genovevo de la O,Ejido
85283,Los Laureles,Ranchería
85283,Santo Tomás,Rancho
85283,Campo de los Fuertes,Ejido
85283,Santa Fe,Ranchería
85283,San Jorge,Granja
85283,Aurora,Granja
85283,Bretaña,Granja
85283,Lázaro Cárdenas,Ejido
85283,Don Cirilo,Ranchería
85283,Casa del Sanjero,Ranchería
85283,Bachoco el Alto,Ranchería
85283,Siete Leguas,Ejido
85283,Bacame [Crianza],Ranchería
85283,Esperancita 14,Granja
85283,25 de Junio,Ranchería
85283,Campo Astiazarán,Ejido
85284,El Retiro Viejo,Rancho
85284,El Campito (Campo Número Tres),Hacienda
85284,España (Campo Número Uno),Ranchería
85284,Bacajaquía,Ranchería
85284,Bayajorit,Ejido
85284,Buaysiacobe,Colonia
85284,El Retirito,Ranchería
85284,El Salitral,Colonia
85284,Huiroachaca,Ranchería
85284,El Rodeo,Rancho
85284,El Juchica,Ranchería
85284,Aquichivo,Ranchería
85284,Campo Rochín,Ejido
85284,Campo Marcos Aguilera,Ejido
85284,Tacirocome,Ranchería
85284,El Nuevo Retiro,Ranchería
85284,Campos los Yoyomos,Ranchería
85284,Los Dátiles,Ranchería
85284,Rosas (Ojai),Ranchería
85284,El Vivero,Ranchería
85284,Dos Arbolitos,Ranchería
85284,El Tapón,Ranchería
85285,Aquisahuali,Ranchería
85285,El Chapote,Ranchería
85285,Puente Roto (La Treinta y Dos),Ranchería
85285,Sicome,Granja
85285,Campo León,Hacienda
85285,Tejabanes Viejos,Colonia
85285,Aquichopo,Ranchería
85285,El Baburo,Rancho
85285,Bacame Viejo,Hacienda
85285,El Centenario,Ranchería
85285,Jitonhueca,Ranchería
85285,Burabampo,Ranchería
85285,Chucarit,Ranchería
85285,El Quinto,Equipamiento
85285,Navolato,Barrio
85285,San Pedro Nuevo,Pueblo
85285,San Pedro Viejo,Pueblo
85285,Gildardo Morales Soto,Ranchería
85285,Mocochopo (Yemovari),Ranchería
85285,Yemobari,Ranchería
85285,Santa Bárbara,Ranchería
85285,Campo Peraza,Ranchería
85285,Barrio Pacheco,Ranchería
85285,Nacozari,Colonia
85285,El Mezquital de Burabampo,Ranchería
85285,Campo Número 18,Ejido
85285,Campo Número 13,Ranchería
85285,La Herradura,Ranchería
85285,Macochín,Ranchería
85285,El Quinto Viejo (El Culebrón),Ranchería
85285,Casa Blanca,Ranchería
85285,San Fernando,Granja
85285,Campo de Santini,Ejido
85285,Marcela,Granja
85285,Gloria Elena,Granja
85286,Agropecuaria Bainorillo,Granja
85286,Campo Catorce,Ranchería
85286,Plan Oriente,Ejido
85286,Mochipaco Nuevo,Ejido
85286,Sebampo,Rancho
85286,Mochipaco,Colonia
85286,La Vasconia (Del Apellido Vasco),Ejido
85286,Baynorillo,Ranchería
85286,Mabejaqui,Colonia
85286,Las Playitas,Ranchería
85286,Talamante (Colonia Talamante),Ranchería
85286,Campo de Abelino Fernández,Ejido
85286,Jorge Larraguivel,Ranchería
85286,Kilómetro Diecisiete (Sicome Norte),Ranchería
85286,De Humberto Gutiérrez,Granja
85286,La Casa Verde,Ranchería
85286,Campo Bárcenas Barrial,Ejido
85286,Joconabampo,Ranchería
85286,Guayabitas (La Sábila),Ranchería
85286,Soto (Caurará),Colonia
85286,El Tanque (El Tanque Colorado),Ranchería
85286,Porcícola Pilarica,Ranchería
85286,Rosas Rochín,Ranchería
85286,La Trinidad,Ranchería
85286,Cañedo,Ranchería
85286,Sebampo (Roberto Rosas),Ranchería
85286,Eduardo Parra,Ranchería
85286,El Chori (El Choya),Ranchería
85286,San Martín (Ramón Martínez Rosas),Ranchería
85286,Campo Canario (Ingeniero José Almada),Ranchería
85286,Pilarica,Ranchería
85286,Caurajaqui,Ranchería
85286,Puente Chueco,Ranchería
85286,Kilómetro Veinte (El Uno),Ejido
85287,El Comparto,Colonia
85287,Barraza,Colonia
85287,El Alhuate,Colonia
85287,El Panteón,Colonia
85287,El Rastro,Colonia
85287,El Resbalón,Colonia
85287,El Rincón,Barrio
85287,El Sifón,Colonia
85287,Luis Donaldo Colosio,Colonia
85287,San Ángel,Colonia
85287,Invasión las Guayabas,Ranchería
85287,El Caimanero,Rancho
85287,El Alto Guayparín,Colonia
85287,Federico Zazueta,Colonia
85287,Las Arboledas,Colonia
85287,Las Malvinas,Colonia
85287,Luz María Rodríguez,Colonia
85287,Campo 9,Colonia
85287,Villa Tres Cruces,Ranchería
85287,Bacobampo,Pueblo
85287,Basconcobe,Pueblo
85287,Mil Hectáreas,Rancho
85287,Sahuaral,Colonia
85287,Tiriscohuasa,Ranchería
85287,Campanichaca,Ranchería
85287,El Huitchaca,Hacienda
85287,Los Viejos,Ranchería
85287,La Bocana,Colonia
85287,Las Guayabas,Colonia
85287,El Pilfo,Ranchería
85287,La Cuchilla,Barrio
85287,La Línea (La Línea de Basconcobe),Ranchería
85287,San Francisco,Ranchería
85287,Cruz Verde,Ranchería
85287,El Caracol (Ejido de las Guayabas),Ranchería
85287,Terminel,Ranchería
85287,Cristóbal Campos,Ranchería
85287,Salitral,Ranchería
85287,El Capusarit,Ranchería
85287,Guayparín,Ranchería
85287,El Carrizal (El Bacar),Ranchería
85287,Carlos Escalante,Ranchería
85287,Silvio Duarte (El Sabino),Ranchería
85287,La Escondida,Ranchería
85287,El Salitral,Ranchería
85287,Bellavista,Fraccionamiento
85287,Salubridad,Colonia
85287,Los Jardines,Colonia
85288,Campo de Abelino Fernández,Ranchería
85288,Mocorúa,Ranchería
85288,Las Cucas,Rancho
85288,Las Mayas (Colonia Agrícola Basconcobe),Colonia
85288,Mayocahui,Ranchería
85288,La Escuadra (Campo Valencia),Ranchería
85288,La Cochera,Ranchería
85288,El Castillo,Ranchería
85288,Campo Agricola MB,Ranchería
85288,Campo de Filiberto Gracia Ruiz,Ejido
85288,Judas Tadeo,Ranchería
85288,Calle Veintiocho,Ranchería
85288,El Chichivo,Ranchería
85288,Campo de Rosario Millanes,Ejido
85288,Joyateve,Ranchería
85288,Campo Toño Leyva,Ejido
85288,Campo Liborio Moroyoqui,Ejido
85288,Campo de Jesús González,Ejido
85288,Campo de Jorge Campoy,Ejido
85288,Solovino,Ranchería
85288,Joaquinillo Muñoz,Ranchería
85288,Campo Raúl Ramírez,Ejido
85290,Palma Real,Colonia
85290,El Vivero,Colonia
85290,López Reynoso,Colonia
85290,Villa del Sol,Colonia
85290,Villa Juárez,Colonia
85290,Ley Echeverría,Colonia
85293,Arroyo Cocoraque,Ranchería
85293,Campo Arvizu,Ejido
85293,Campo Carlos Laugher,Ejido
85293,Cuatro Caminos,Ranchería
85293,Los Cipreses,Ranchería
85293,Campo Gildardo Vega,Ejido
85293,Calle 19,Ejido
85293,Campo Arreola,Ranchería
85293,Campo Ballesteros,Ejido
85293,Campo de la Viuda,Ejido
85293,Campo Córdova,Ejido
85293,La Aviación,Ranchería
85293,Campo Reyna,Ejido
85293,Campo Castelo,Ejido
85293,Campo Rivera,Ejido
85293,Primero de Mayo,Ejido
85293,Sánchez,Rancho
85294,Jecopaco,Colonia
85294,Campo del Gringo,Ejido
85294,Marco Antonio Gutiérrez,Ejido
85294,Campo Don Rufino,Ejido
85294,Salazar,Ranchería
85294,Esquer,Ranchería
85294,Peñuñuri,Ejido
85294,Campo Aída Puertas,Ejido
85294,Idalia Mejía,Ranchería
85294,Marco Mejía,Ranchería
85294,Joaquín Preciado,Ejido
85294,Bachoco,Granja
85295,Agua Blanca,Colonia
85295,Bachoco,Ranchería
85295,Fernando Navarro,Ejido
85295,Malbaso,Ranchería
85295,Campo de Pedro Dueñas,Ejido
85295,Raúl Gutiérrez,Ranchería
85295,Chávez,Ranchería
85295,15 de Mayo,Ejido
85295,Fito,Ranchería
85295,Campo Miranda,Ejido
85295,Predio de la Familia Siqueiros,Ejido
85295,Chema Pérez,Ranchería
85295,Campo de Rubén Dorame,Ejido
85295,Campo Gil,Ejido
85295,Bachoco,Granja
85295,Campo de Anselmo Cubedo,Ejido
85295,Almacén Bonfil,Ejido
85296,Batevito (Colonia Irrigación),Ejido
85296,Costa Rica (Mayojusali),Rancho
85296,San Salvador Barneche,Ranchería
85296,Miguel Hidalgo (El Moño),Ranchería
85296,Lora,Ranchería
85296,Campo de Jesús Saldívar,Ejido
85296,Campo Gutiérrez,Ejido
85296,Santa María (Costa Rica),Ranchería
85296,Niños Héroes,Ranchería
85296,Vargas,Ranchería
85296,Alfonso Souque,Ranchería
85296,Costa Rica (Mayojusali),Ejido
85296,Aquiles Souque,Ejido
85296,Juan Souque,Ranchería
85296,Costa Rica (El Quirino),Ranchería
85296,Campo Parada (Costa Rica),Ejido
85296,El Chaleco (Miguel Hidalgo),Ranchería
85296,Ramiro Almada,Ranchería
85296,Fernando Gándara,Ranchería
85297,Paredoncito,Colonia
85297,El Tobarito,Ranchería
85297,Chinotagueca la Loma,Ranchería
85297,Rosarito,Ranchería
85297,Campo de Antonio Fuerte,Ejido
85297,Corea,Ranchería
85297,Joselito,Ranchería
85297,Campo de Alfonso Hermosillo,Ejido
85297,Campo Liborio Rodríguez,Ejido
85297,Vicente Suárez,Colonia
85297,Campo de Jesús Gutiérrez,Ejido
85297,La Azteca,Colonia
85297,Benito Escalante,Ranchería
85297,Aceitunitas (Sube y Baja),Colonia
85297,Los Primeros de Costa Rica,Ejido
85297,Alfredo V Bonfil,Ejido
85298,Paredón Colorado (Paredón Viejo),Pueblo
85300,Empalme Centro,Colonia
85310,Pesqueira,Colonia
85310,Pitic,Colonia
85319,Residencial Sahuaro,Fraccionamiento
85319,Ronaldo Camacho Durán,Colonia
85320,Bellavista,Colonia
85330,Moderna,Colonia
85338,La Piedrera,Ranchería
85338,Juárez,Colonia
85339,Moderna Norte,Colonia
85340,Luis Donaldo Colosio (Gobernación),Colonia
85340,Parque Industrial Bella Vista,Zona industrial
85340,Sector Poniente Km 2,Colonia
85347,Ignacio Chávez,Colonia
85349,Sector Oriente Km 2,Colonia
85350,Oriente,Colonia
85360,Ortiz Rubio,Colonia
85370,Libertad,Colonia
85385,Los Portales,Fraccionamiento
85385,29 de Septiembre,Colonia
85385,Revolución,Fraccionamiento
85385,Villa Dorada,Fraccionamiento
85386,Prado Bonito,Fraccionamiento
85386,INFONAVIT Bahía del Sol,Fraccionamiento
85388,INFONAVIT Guadalupe,Colonia
85388,Guadalupe,Colonia
85388,7 de Enero,Colonia
85388,Nuevo Empalme,Colonia
85389,Abelardo Galáz Aizpuro,Ranchería
85389,Agemar,Zona industrial
85389,Parque Industrial,Zona industrial
85390,Jordán,Colonia
85397,Sahuaral,Colonia
85398,Jacarandas,Colonia
85398,Palmares,Fraccionamiento
85398,Lindavista,Colonia
85399,Ladrillera,Colonia
85400,Heroica Guaymas Centro,Colonia
85405,La Cantera,Colonia
85406,San José,Fraccionamiento
85406,Yucatán,Colonia
85409,Aeropuerto Internacional de Guaymas,Aeropuerto
85410,Adolfo de la Huerta,Colonia
85410,Guarida del Tigre,Colonia
85410,Colinas de Fátima,Colonia
85410,El Rinconcito,Colonia
85420,Campo de Tiro,Colonia
85420,Burócrata,Colonia
85420,La Aurora,Colonia
85420,Loma Linda,Colonia
85420,Ampliación Burócrata,Colonia
85420,Aeropuerto,Fraccionamiento
85420,El Cielo,Fraccionamiento
85423,Fuente de Piedra,Fraccionamiento
85423,Las Acacias,Fraccionamiento
85423,Villa Zarina,Fraccionamiento
85423,Nuevo Horizonte,Fraccionamiento
85423,El Mirador,Fraccionamiento
85423,Versalles Residencial,Fraccionamiento
85423,Las Praderas,Fraccionamiento
85423,Linda Vista,Fraccionamiento
85423,San Germán,Fraccionamiento
85423,Carlos Romero Deschamps,Colonia
85423,Valle Bonito,Colonia
85423,Arrecifes Residencial,Fraccionamiento
85423,Misioneros,Colonia
85423,Atardeceres,Fraccionamiento
85423,El Roble,Colonia
85423,Villas del Puerto,Fraccionamiento
85423,Monte Bello,Fraccionamiento
85423,El Diamante,Fraccionamiento
85423,Valle del Mar,Fraccionamiento
85424,San Germán,Colonia
85424,Luis Donaldo Colosio,Colonia
85424,Vista Dorada,Colonia
85424,Juan Francisco Patrón Marquez,Colonia
85424,Privada los Vergeles,Fraccionamiento
85424,Cerrada Las Torres,Fraccionamiento
85424,Los Prados,Fraccionamiento
85425,San Jeronimo,Fraccionamiento
85425,San Germán Sector Ocotillo 2,Fraccionamiento
85425,Guaymas Norte,Colonia
85425,San Germán Sector Ocotillo,Fraccionamiento
85425,El Pedregal,Fraccionamiento
85425,Los Lagos,Fraccionamiento
85426,San Marino,Fraccionamiento
85426,San Sebastián,Fraccionamiento
85426,Pradera Dorada,Fraccionamiento
85426,Colinas del Sol,Fraccionamiento
85426,Perla Marina,Fraccionamiento
85426,La Cholla,Fraccionamiento
85427,Las Delicias,Colonia
85430,Golondrinas,Colonia
85430,Punta Arena,Colonia
85430,Punta de Lastre,Colonia
85430,Termoeléctrica,Colonia
85430,Monte Lolita,Colonia
85430,Las Batuecas,Colonia
85440,Cerro Gandareño,Colonia
85440,Las Américas,Colonia
85440,Las Juntas,Colonia
85440,Las Plazas,Colonia
85440,Sonora,Colonia
85440,29 de Noviembre,Colonia
85440,FOVISSSTE,Unidad habitacional
85440,Guadalupe,Colonia
85440,Las Villas,Colonia
85440,Los Ríos,Colonia
85440,Rodríguez Alcaine,Colonia
85440,Mariana,Fraccionamiento
85444,Villas del Parque,Fraccionamiento
85444,Antorchista,Colonia
85444,Colinas de Guaymas,Colonia
85444,Playa de Cortés,Fraccionamiento
85444,Colinas de Miramar,Colonia
85447,Popular,Colonia
85447,El Periodista,Colonia
85448,Quintas Guaymas,Colonia
85448,Loma Dorada,Colonia
85448,Los Álamos,Colonia
85448,Las Flores,Fraccionamiento
85448,Las Brisas,Fraccionamiento
85448,Santa Fe,Fraccionamiento
85448,Villa Sofía Residencial,Fraccionamiento
85450,Puerta Marina,Fraccionamiento
85450,Vista Miramar,Fraccionamiento
85450,Brisas de Miramar,Fraccionamiento
85450,Privada Miramar,Fraccionamiento
85450,Privadas de Cortez Segunda Etapa,Fraccionamiento
85450,Privadas de Cortez Tercera Etapa,Fraccionamiento
85450,Privadas del Mar,Fraccionamiento
85450,Residencial de Cortés,Fraccionamiento
85450,Brisas de Miramar II,Fraccionamiento
85450,Lomas de Cortés,Colonia
85450,Lomas de Miramar,Colonia
85450,Miramar,Colonia
85450,Privada de Cortez Residencial,Fraccionamiento
85450,Privadas de Miramar,Fraccionamiento
85450,Cerrada Playa Vista,Fraccionamiento
85450,Playa Vista,Fraccionamiento
85450,Cerrada de las Cabrillas,Fraccionamiento
85450,Puerto Náutico de Bacochibampo,Fraccionamiento
85450,Las Perlas,Fraccionamiento
85450,Real de Cortés,Fraccionamiento
85454,Punta Arrecifes Residencial,Fraccionamiento
85454,Las Tinajas,Colonia
85455,El Dorado,Colonia
85455,Villas de Miramar,Fraccionamiento
85456,Villas del Tular,Fraccionamiento
85456,Los Pinos,Colonia
85456,Petrolera,Colonia
85456,Femosa o el Tular,Colonia
85456,Marsella Residencial,Fraccionamiento
85456,Niza Residencial,Fraccionamiento
85456,18 de Marzo,Colonia
85457,Parque Industrial Roca Fuerte,Zona industrial
85460,El Rastro,Colonia
85460,San Bernardo,Colonia
85463,Vista Azul,Fraccionamiento
85463,22 de Noviembre,Colonia
85463,Costa Azul,Colonia
85465,Villas del Mirador,Fraccionamiento
85465,Miguel Hidalgo (La Antena),Colonia
85465,San Vicente,Colonia
85467,San Gilberto,Colonia
85470,5 de Mayo,Colonia
85470,Los Pescadores,Colonia
85470,Ramón Gil Samaniego,Colonia
85470,Las Palmas,Colonia
85470,100 Casas,Colonia
85470,23 de Marzo,Colonia
85470,18 de Noviembre,Colonia
85477,Nacionalización del Golfo de California,Colonia
85480,Península,Colonia
85480,Las Playitas,Colonia
85484,Adolfo López Mateos,Colonia
85484,Fuentes Rodriguez,Colonia
85486,El Mirador,Colonia
85488,Zona Naval Militar,Zona militar
85489,Parque Industrial Pesquero Rodolfo Sánchez Taboada,Zona industrial
85490,Bicentenario,Fraccionamiento
85490,Rancho Blancarte,Colonia
85490,Misión del Sol,Colonia
85490,Independencia,Colonia
85490,Sahuaripa,Colonia
85490,Manuel R Bobadilla,Colonia
85490,Ampliación Independencia,Colonia
85499,Sahuari,Colonia
85499,Loma Bonita,Colonia
85499,Secretaría de Marina,Colonia
85499,Centinela,Colonia
85499,Tetabiate,Fraccionamiento
85499,Héroes del 13 de Julio,Fraccionamiento
85499,Campestre,Fraccionamiento
85500,Aranjuez,Fraccionamiento
85500,El Arroyo,Ranchería
85500,La Salvación,Ejido
85500,Ortiz,Ejido
85500,Santa Mónica,Ranchería
85500,Campo Nuevo,Ranchería
85500,El Sueño,Ranchería
85500,La Cuadrita,Pueblo
85500,San José de Guaymas,Ranchería
85500,Buenos Aires,Ranchería
85500,El Valiente Kilómetro Veinte (Libramiento),Ranchería
85500,Santa Clara,Ranchería
85500,La Herradura,Fraccionamiento
85500,Lomas de Colosio,Ejido
85503,Los Arrieros,Ranchería
85503,San Carlos Plaza,Equipamiento
85503,La Manga (Campo Pesquero la Manga),Ranchería
85503,La Manga Dos,Ranchería
85503,Costa del Mar,Fraccionamiento
85503,Puesta del Sol,Fraccionamiento
85503,Residencial Villas California,Fraccionamiento
85503,Marina Real,Colonia
85503,Algodones Residencial,Fraccionamiento
85503,Vista Real,Fraccionamiento
85503,La Manga Tres,Ranchería
85503,Punta del Desierto,Fraccionamiento
85503,Belo Horizonte,Fraccionamiento
85503,Bahía Esmeralda,Fraccionamiento
85503,Bahía el Encanto,Fraccionamiento
85503,Playa Blanca,Condominio
85503,Rio Azul Nacapule,Colonia
85503,Rio Azul San Carlos,Colonia
85503,Serene,Fraccionamiento
85503,Terrazas San Carlos,Condominio
85505,General Felipe Ángeles,Ejido
85505,Punta de Agua,Ranchería
85505,General Esteban Baca Calderón (El Hecho),Ejido
85505,General Mariano Escobedo,Ejido
85505,Las Norias,Ranchería
85505,La Misa,Pueblo
85505,Palo Verde,Ranchería
85505,Profesor Graciano Sánchez,Ejido
85505,General Lázaro Cárdenas,Ejido
85506,Cosmos,Fraccionamiento
85506,Hacienda de Cortez,Fraccionamiento
85506,Loma Bonita,Fraccionamiento
85506,Residencial Del Mar Vista,Fraccionamiento
85506,Villa Mexicana,Fraccionamiento
85506,Cantera Residencial,Fraccionamiento
85506,De Anza,Fraccionamiento
85506,Buenos Aires (Los Nápoles),Ejido
85506,Loma del Mar,Colonia
85506,Villas Rocamar,Fraccionamiento
85506,Condominios Coral,Fraccionamiento
85506,Condominios Tetakawi,Fraccionamiento
85506,Villas de Solimar,Fraccionamiento
85506,Villas Marfil,Fraccionamiento
85506,Vistas del Country,Fraccionamiento
85506,El Renacimiento,Colonia
85506,Bella Esperanza,Ranchería
85506,Villa Bemela,Colonia
85506,Campestre San Alberto,Colonia
85506,Campestre Corceles,Colonia
85506,Bahía Delfín,Condominio
85506,Pilar,Condominio
85506,Privada las Conchas,Fraccionamiento
85506,Zeus Residencial,Fraccionamiento
85506,Antares Hábitat,Fraccionamiento
85506,Evamar,Condominio
85506,Las Conchas II,Fraccionamiento
85506,Costessa,Condominio
85506,San Carlos (San Carlos Nuevo Guaymas),Colonia
85506,Country Club,Colonia
85506,Villa Hermosa,Colonia
85506,Bahía,Colonia
85506,Caracol Península,Colonia
85506,Caracol Turístico,Colonia
85506,Ranchito Campestre,Colonia
85506,Los Arcos,Colonia
85506,El Crestón,Fraccionamiento
85506,Lomas de San Carlos,Colonia
85506,Villas Tetakawi,Fraccionamiento
85506,Residencial Tetakawi,Fraccionamiento
85506,Totonaka RV Parque,Equipamiento
85506,Villa del Sol,Condominio
85506,Villas Sirenas,Condominio
85506,Tecalai Yori,Condominio
85506,Palmares,Fraccionamiento
85506,Colinas del Country,Fraccionamiento
85506,Royal Golf Club,Fraccionamiento
85506,Sexta Sección,Fraccionamiento
85506,Lomas del Mar,Fraccionamiento
85506,Tierra Bonita,Fraccionamiento
85506,Villas de San Carlos,Fraccionamiento
85506,Solimar,Fraccionamiento
85507,Baugo (Guásimas),Pueblo
85507,Adolfo de la Huerta,Ejido
85507,Guadalupe,Granja
85507,Nuevo San Francisco,Ejido
85507,Sonora,Ejido
85507,General Álvaro Obregón,Ejido
85507,Edmundo Sánchez (El Chorizo),Ranchería
85507,El Yaqui,Ranchería
85507,Francisco Márquez,Ranchería
85507,Guadalupe Victoria,Ranchería
85507,Nicolás Bravo,Ranchería
85507,Triunfo Santa Rosa,Ranchería
85507,Guásimas (De Belem),Pueblo
85508,San Marcial,Ranchería
85510,Vícam (Switch),Pueblo
85510,Estación Oroz (Oroz),Paraje
85513,Vícam Pueblo,Pueblo
85513,Pitahaya (Belem),Ranchería
85513,Babojori,Ranchería
85513,Casa Azul,Ranchería
85513,La ETA,Ranchería
85513,Coracepe,Ranchería
85513,Barrio Platanal,Ranchería
85513,Los Limones,Rancho
85513,Casas Blancas,Ranchería
85513,Huiribis,Pueblo
85513,Pótam,Pueblo
85513,Rahum,Pueblo
85513,Chumampaco,Ranchería
85513,El Castillo,Ranchería
85513,Tórim,Pueblo
85513,Compuertas,Ejido
85513,Guasimitas,Ejido
85513,Lencho,Paraje
85514,África Sewa,Rancho
85514,La Curva,Ranchería
85514,Pueblo Nuevo (La Cuchilla),Ranchería
85514,Singapur,Ranchería
85514,Calle Base y Veintiuno (Juan María Márquez),Ejido
85514,Urbalejo,Ejido
85514,Tapirito,Ejido
85514,Juan León Villegas (Bloque 325),Ejido
85514,Isidro González (Bloque 325),Ejido
85514,Casas Blancas,Ejido
85514,Palo Verde (Calle 200 y 21),Ejido
85514,Los Pérez,Ejido
85514,El Perico,Ejido
85514,El Nuevo Castillo,Colonia
85514,Campo de Rosario Serrano,Ejido
85514,Campo de Polo Castillo,Ejido
85514,Beatriz Herrera,Ejido
85514,Los Domínguez,Ejido
85514,Manuel Romero (Bloque 221),Ejido
85514,Tomas Stewart,Ejido
85514,Luz María Ricaud (Bloque 423),Ejido
85514,Campo la 21 (Bloque 423),Ejido
85514,Campo de Miguel Olea (Bloque 421),Ejido
85514,El Papalote,Ejido
85514,Bachoco (Postura Granja Pesada),Ejido
85514,Manuel González,Ejido
85514,Chumampaco (Bloque 523),Ejido
85514,Abelardo H Paredes Aldama (Bloque 521),Rancho
85514,Hilario Calderón,Ejido
85514,Carmen Vázquez Cázares (Bloque 519),Ejido
85514,Campo Calderón (Bloque 517),Ejido
85514,María Luisa Ochoa Bórquez,Ejido
85514,El Tápiro,Ejido
85514,Carmen Morales (Bloque 527),Ejido
85515,Doctores,Colonia
85515,La Sauceda,Colonia
85515,Beltrones,Colonia
85515,Jacinto López,Colonia
85515,Militar,Colonia
85515,San Ignacio Río Muerto Centro,Colonia
85515,Llano de Zaragoza,Colonia
85515,Rosendo Montaño,Colonia
85515,El Rastro,Colonia
85515,Arboleda,Colonia
85515,El Gallito,Colonia
85515,Humberto Quintana Loya (Bloque 621),Ejido
85515,Los Dos Aguacates (Bloque 723),Ejido
85515,Campo Flor del Valle,Ejido
85515,Campo María de la Luz Robles,Ejido
85515,Campo Robles (Bloque 621),Ejido
85515,Los Flores,Ejido
85515,Los Venaditos (Bloque 721),Ejido
85515,Rafael Ochoa (Bloque 621),Ejido
85516,San Isidro (El Polvorón),Ejido
85516,Demetrio Vallejo,Colonia
85516,Manuel Félix,Ejido
85516,Esteban López (Bloque 619),Ejido
85516,Campo María Luisa Encinas (Bloque 625),Ejido
85516,Ernesto Higuera (Bloque 625),Ejido
85516,José Gerardo Badilla (Bloque 725),Ejido
85516,Fernando Reynas Valenzuela (Bloque 723),Ejido
85516,Campo de Guadalupe Quintana,Ejido
85516,Menual,Ejido
85516,Los Pinitos,Ejido
85516,Campo Terán,Ejido
85516,Gustavo Lugers Becerrín,Ejido
85516,El Chaparral,Ejido
85516,Liandro Parra (Bloque 617),Ejido
85516,Gilberto Castro (Bloque 825),Ejido
85516,Jorge Stewart (Bloque 823),Ejido
85516,El Novillo (Bloque 821),Ranchería
85516,Marielos Guerrero Rodríguez,Ranchería
85516,El Álamo,Ejido
85516,Alefel,Ejido
85516,San José el Tata,Ejido
85516,Feliciano Guzmán,Ejido
85516,Francisco Haro,Ejido
85516,Augusto Escamilla,Ejido
85516,San Martín,Ejido
85516,El Banco,Ejido
85516,Guadalupe Vega,Ejido
85516,El Alhuate,Ejido
85516,Rodolfo Pablos,Ejido
85516,Rafael Cárdenas,Ejido
85518,La Democracia,Ejido
85518,Bachomobampo,Ejido
85518,El Bateve,Ejido
85518,Enrique Landa B,Ejido
85518,Vicente Guerrero,Ejido
85518,Familia Pablos Cruz,Ejido
85518,Sergio Tellechea,Ejido
85518,Encinas Terrazas,Ejido
85518,Ricardo Sagarena,Ejido
85518,La Soledad,Ejido
85518,Isabel Cuen,Ejido
85518,Las Isabeles,Ejido
85518,La Doce (Bloque 1217),Ejido
85518,Jesús Zúñiga,Ejido
85518,Bateve Segundo (2 de Marzo),Ejido
85518,Vicente Guerrero,Colonia
85518,Los Hernández,Ejido
85518,Guzmán Gallegos,Ejido
85518,Rolando Navarro,Ejido
85518,Framagofa,Ejido
85518,Rogelio Velázquez,Ejido
85518,Los Médanos (Los Mélagos),Rancho
85519,Tetabiate,Ranchería
85519,Bahía de Lobos,Colonia
85519,Seis y Treinta y Seis Colonia Sonora (Bloque 633),Rancho
85519,Emiliano Zapata,Colonia
85519,Felizardo Ochoa,Ejido
85519,Sonora,Colonia
85519,Campo de Santiago Cosío,Ejido
85519,La Lomita,Ejido
85519,Agraristas de Ciudad Obregón,Ejido
85519,Bloque 837,Ejido
85519,San Francisco,Rancho
85519,Siete de Noviembre,Ejido
85519,Francisco García,Ejido
85519,Ricardo Jaime (Bloque 731),Ejido
85519,Los Venaditos,Ejido
85519,El Porvenir de los Jaime,Ejido
85519,David Lamas Coronado,Ejido
85519,Campo Héctor Cervantes,Ejido
85519,San Francisco Río Muerto (Las Cachoras),Ejido
85519,Los Hernández (Los Laureles),Ejido
85519,Lauterio León Barraza,Ejido
85519,Luis Lizárraga Rodríguez,Ejido
85519,San Judas Tadeo,Ejido
85519,La Capilla (Bloque 733),Ejido
85520,Cochórit,Ranchería
85520,Niño San Humberto [Casa Hogar],Equipamiento
85523,Empalme el Águila (El Ranchito),Ejido
85523,La Escondida (Agua Caliente),Ranchería
85524,El Bateve,Rancho
85524,La Casita de Campo [Restaurant],Equipamiento
85524,Margarita (Agrícola Omega),Granja
85524,San Pablo Dos,Rancho
85524,Santa Cruz,Ranchería
85524,Sociedad Igualitaria,Ejido
85524,Sociedad Rubén Jaramillo (Campo Guaymas),Ejido
85524,Cruz de Piedra,Colonia
85524,San Fernando de Guaymas,Ejido
85525,Los Chiltepines (San Juan),Rancho
85525,Los Hoyos [Centro de Transferencia de Embriones],Granja
85525,Los Venados,Rancho
85525,Roncalli,Ranchería
85525,El Morgan,Rancho
85525,San Enrique,Rancho
85525,Juan Rodríguez,Ejido
85526,Playa del Sol,Rancho
85526,San Antonio,Ranchería
85530,Buffalo Packing (Gringo Cebollero),Ranchería
85530,Complementación Ejido Baca Calderón,Ranchería
85530,GAFERSA,Rancho
85530,Zaragoza (Santa Amelia),Granja
85533,El Porvenir,Rancho
85533,La Palma,Pueblo
85533,Mi Patria es Primero,Ejido
85533,Fátima,Rancho
85533,Úrsulo Galván,Ejido
85534,Establo Fátima (Agroindustrial Vilo),Rancho
85534,Pozo Nueve,Ranchería
85534,Ruiz,Ranchería
85534,Maytorena,Pueblo
85535,Cincuenta y Dos,Granja
85535,Las Tortolitas,Rancho
85535,Santa Anita,Granja
85535,José María Morelos y Pavón (La Atravezada),Pueblo
85535,Santa María de Guaymas,Ejido
85536,Avestruces del Noroeste,Ranchería
85536,La Choya Dos,Rancho
85536,Narciso Mendoza,Ranchería
85536,Úrsulo Galván,Ranchería
85536,Antonio Rosales,Ejido
85537,El Mezquite (Terreno de Junelancahui),Rancho
85537,La Florida,Rancho
85537,Vicente Guerrero,Ranchería
85537,Malichita,Zona industrial
85537,Junelancahui (El Mezquite),Ejido
85540,La Colorada,Pueblo
85545,La Virgen,Rancho
85549,San José de Moradillas (El Cochi),Ranchería
85550,San José de Pimas,Ejido
85550,Cobachi,Ejido
85550,La Galera,Rancho
85553,Tecoripa,Pueblo
85556,Estación Torres (Estación Serdán),Paraje
85560,Loma Linda,Colonia
85560,Las Playitas,Colonia
85560,La Limpia,Colonia
85560,Las Olas Altas,Colonia
85560,Mazatán Centro,Colonia
85563,La Otra Banda,Colonia
85575,La Tasajera,Ejido
85580,Suaqui Grande,Pueblo
85600,Bicentenario,Colonia
85600,San José,Colonia
85600,El Turacachi,Colonia
85600,La Mesita del Cuajari (La Mesita),Colonia
85600,Sahuaripa Centro,Colonia
85600,Santo Tomás,Ejido
85600,Los Atardeceres,Colonia
85600,Nuevo Sahuaripa,Colonia
85600,Talamantes,Colonia
85600,Trincheras,Colonia
85600,Ricardo Duran,Colonia
85600,Buchuari,Colonia
85606,Natora (San José de Natora),Ejido
85608,Seguadehuachi,Ejido
85610,Valle de Tacupeto,Pueblo
85613,Cajón de Onapa,Ranchería
85613,Guisamopa,Ejido
85614,Matarachi,Ejido
85614,Mulatos,Ejido
85615,Trigo de Corodepe,Ranchería
85618,La Iglesia,Ejido
85620,San Javier,Pueblo
85640,Soyopa,Pueblo
85641,El Novillo (Campamento el Águila),Ranchería
85641,La Estrella,Ejido
85643,Rebeico,Ejido
85650,Tónichi,Pueblo
85656,San Antonio de la Huerta,Pueblo
85660,Bacanora,Pueblo
85670,Guaycora,Ejido
85670,La Piedra Rajada,Ranchería
85670,La Vinatería,Ranchería
85673,El Bojori,Rancho
85674,El Torreoncito,Rancho
85674,La Joya,Ranchería
85675,El Encinal,Ranchería
85675,El Tule,Rancho
85675,Milpillas,Ejido
85675,Milpillitas,Rancho
85676,El Destacamento,Ranchería
85676,Santa Teresa,Ejido
85676,La Plaza,Rancho
85680,Arivechi,Pueblo
85681,Pónida,Ranchería
85690,Bámori,Pueblo
85695,Tarachi,Pueblo
85700,Rosario,Pueblo
85710,Tacupeto,Ejido
85710,La Dura (La Concentración),Pueblo
85710,Río Chico (Real de Ostimuri),Pueblo
85713,El Palmarito (San José del Palmarito),Ranchería
85713,Las Amaviscas,Ranchería
85713,Campo el Sauz,Rancho
85713,Cuba,Ejido
85714,Alisoso,Ranchería
85714,El Nogal (Curúpaco),Ranchería
85714,El Llano,Ranchería
85714,Paredones (El Saucito),Ejido
85715,El Campito,Rancho
85715,Santa Ana de Padilla,Ejido
85715,La Estrella,Ejido
85715,Cedros,Pueblo
85716,El Sauz,Pueblo
85717,Movas,Pueblo
85717,Nuri,Pueblo
85717,Tarahumaris,Ranchería
85720,Quiriego,Pueblo
85730,Santana,Rancho
85730,Las Guásimas,Ranchería
85733,El Naranjo,Rancho
85733,Turos,Rancho
85734,Basicorepa,Rancho
85734,El Puerto,Ranchería
85734,Los Bajíos (Ejido los Conejos),Ejido
85734,El Frijolar,Ejido
85735,Machilibampo,Ranchería
85735,El Mojarit,Ranchería
85735,Bacusa,Ranchería
85735,Goijaquía,Ranchería
85735,Tepahui,Pueblo
85735,El Frijol de Zazueta (El Frijol de Arriba),Rancho
85736,Cocoraque,Granja
85736,General Pablo Macías (Los Vacitos),Ejido
85736,El Mexicano,Ejido
85736,El Jíncori,Ejido
85736,Cábora,Ejido
85736,El Tanque,Ranchería
85737,El Guayacán,Ranchería
85737,Los Capomos,Rancho
85737,Sibachicori,Rancho
85737,Batacosa,Pueblo
85740,Ónavas,Pueblo
85746,Mesa de Galindo,Rancho
85748,Cuba,Ranchería
85760,Álamos Centro,Colonia
85764,El Barranco,Colonia
85764,Olas Altas,Colonia
85764,La Campana,Colonia
85764,Las Campas,Colonia
85764,La Estación,Colonia
85764,Chula Vista,Colonia
85764,El Rastro,Colonia
85764,Hacienda Vieja,Colonia
85764,Las Delicias,Colonia
85764,Real de Minas,Colonia
85764,La Huerta de los Ricos,Ranchería
85765,Los Cangrejos,Colonia
85765,Tacubaya,Colonia
85765,Loma de Guadalupe,Colonia
85765,La Colorada,Colonia
85765,Las Higueras,Colonia
85765,El Calvario,Colonia
85765,El Perico,Colonia
85765,El Volantín,Colonia
85765,Monte,Colonia
85766,Real de los Álamos,Colonia
85766,Los Guayparines,Colonia
85766,Churubusco,Colonia
85766,El Chalatón,Colonia
85766,Las Palmas,Colonia
85766,Nuevo Álamos,Colonia
85766,La Uvalama,Ranchería
85767,Bicentenario,Colonia
85767,Lomas Lindas,Colonia
85767,Constitución,Colonia
85767,Once de Octubre (Norbert),Colonia
85767,DIF,Colonia
85767,La Capilla,Colonia
85767,Ferrocarril,Colonia
85767,Sonochihua,Colonia
85767,Nuevo Amanecer,Fraccionamiento
85767,Álamo Dorado,Colonia
85767,Aurora,Colonia
85767,El Mezquital,Colonia
85767,La Aviación,Colonia
85767,La Esmeralda,Colonia
85767,La Ladrillera,Colonia
85767,Los Vergeles,Colonia
85767,Nueva Creación,Colonia
85767,Nueva Esmeralda,Colonia
85767,La Huerta,Ranchería
85767,Los Bustillos,Ranchería
85770,Mexiquillo,Ranchería
85770,Techobampo,Pueblo
85770,Burapaco,Ranchería
85770,San Bernardo,Ranchería
85770,Macoyahui,Rancho
85770,Vado Cuate,Ejido
85770,Agua Blanca,Ranchería
85770,Agua Blanca,Ejido
85770,Aguaje del Chino,Ranchería
85770,Antonico,Ranchería
85770,Buenavista,Rancho
85770,Buenavista,Ranchería
85770,Campo Nuevo,Ranchería
85770,Chorijoa,Ranchería
85770,Cochuhuerito,Ranchería
85770,El Centro,Rancho
85770,El Centro,Ranchería
85770,El Coso,Ranchería
85770,El Mezquital,Ranchería
85770,El Tepehuaje,Ranchería
85770,Guajaray,Ranchería
85770,Guayparín,Ranchería
85770,Joconas,Ranchería
85770,La Chuna,Ranchería
85770,La Esperanza (Testapochi),Ranchería
85770,La Hortaliza,Ranchería
85770,La Independencia,Ranchería
85770,La Junta,Ranchería
85770,La Lechería,Ranchería
85770,La Noria,Ranchería
85770,La Pionia,Ranchería
85770,La Tinajera,Ranchería
85770,La Toma de Agua,Ranchería
85770,La Tribuna (Cuernavaca),Ranchería
85770,Las Choyitas,Ranchería
85770,Las Güijas,Ranchería
85770,Las Panelas,Ranchería
85770,Loma del Sabino,Ranchería
85770,Borbón,Rancho
85770,Los Becerros,Ranchería
85770,Los Coyotes,Ranchería
85770,Los Estrados,Ranchería
85770,Los Ganchos,Ranchería
85770,Los Molinos,Ranchería
85770,Los Sonogoris,Ranchería
85770,Los Valles,Ranchería
85770,Mascuragüi,Ranchería
85770,Mesa Colorada,Ranchería
85770,Miramar,Ranchería
85770,Mochibampo,Ranchería
85770,Nacapule,Ranchería
85770,Nahuibampo,Ranchería
85770,San Juan,Ranchería
85770,San Pablo,Ranchería
85770,San Pedro,Ranchería
85770,San Pedro,Ejido
85770,Sejaqui,Ranchería
85770,Tetacora,Ranchería
85770,Todos Santos,Ranchería
85770,Topiyeca,Ranchería
85771,El Sabino,Ranchería
85771,Agua Salada,Ranchería
85771,Chinajaque,Ranchería
85771,Cieneguita,Ranchería
85771,Corogüi,Ranchería
85771,El Bebedero,Ranchería
85771,El Chirivo,Ranchería
85771,El Reventón,Ranchería
85771,El Vado,Ranchería
85771,Gochico Nuevo,Ranchería
85771,Gochico Viejo,Ranchería
85771,Guadalupe,Ranchería
85771,Huicochic,Ranchería
85771,Jurinavo,Ranchería
85771,La Bebelama,Ranchería
85771,La Cañada del Agua,Ranchería
85771,La Vinatería,Ranchería
85771,Las Ánimas,Ranchería
85771,Las Canoas,Ranchería
85771,Los Otates,Ejido
85771,Ojo Prieto,Ranchería
85771,Pie de la Cuesta,Ranchería
85771,Sahuarivo,Ranchería
85771,San José,Ranchería
85771,San Rafael,Ranchería
85771,San Rafael del Sabino (El Sabinito),Ranchería
85771,Táscate,Ranchería
85771,Taymuco,Ranchería
85771,Tepopa,Ranchería
85771,Tepopa,Ejido
85772,Chorijoa,Ejido
85772,Agua Blanca,Rancho
85772,Aquinavo,Ranchería
85772,Bavícora,Ranchería
85772,Burapaquito,Ranchería
85772,Chacari,Ranchería
85772,Chinahuiro,Ranchería
85772,Chinatopa,Ranchería
85772,Cuchuhueri,Ranchería
85772,El Charuco,Ranchería
85772,El Sauz,Ranchería
85772,El Tuburi,Ranchería
85772,Gocojaqui,Ranchería
85772,Goriego,Ranchería
85772,Guataturi,Ranchería
85772,Jecopaco (San Antonio),Ranchería
85772,Jobegüi,Ranchería
85772,La Caña,Ranchería
85772,La Concepción,Ranchería
85772,La Sauceda,Ranchería
85772,La Ventana,Ranchería
85772,Las Ánimas,Ranchería
85772,Las Garzas,Ranchería
85772,Las Lajas,Ranchería
85772,Los Algodones,Ranchería
85772,Los Encinitos,Ranchería
85772,Los Mezcales,Ranchería
85772,Paraje Colorado,Rancho
85772,Potrerillos,Ranchería
85772,Nuevo,Rancho
85772,Viejo,Rancho
85772,Satajaqui,Ranchería
85772,Setajaqui (Setajaqui del Río),Ranchería
85772,Tecoripa,Ranchería
85772,Tepara,Ranchería
85772,Tojibampo,Ranchería
85772,Zacatemato,Ranchería
85773,La Aduana,Pueblo
85773,Minas Nuevas,Rancho
85773,Cochibampo,Pueblo
85773,El Guamúchil,Pueblo
85773,El Tabelo (San José del Tabelo),Pueblo
85773,La Higuera,Ranchería
85773,Las Minitas,Rancho
85773,San Antonio del Cupis,Ranchería
85773,Campamento las Casitas (El Mocúzarit),Rancho
85773,El Frijol,Ejido
85773,La Vinata,Ranchería
85773,Los Camotes (San José del Palmar),Ranchería
85773,El Mocúzari (Conicárit),Ranchería
85773,La Tescalama,Ranchería
85773,Los Tanques,Rancho
85773,Nuevo Piedras Verdes,Ranchería
85773,Yoricarichic,Ejido
85773,Campo 24-A,Ejido
85773,Osobampo,Ejido
85773,Agua Fría,Ranchería
85773,Agua Salada,Ranchería
85773,Agua Tapada,Ranchería
85773,Argentina,Ranchería
85773,Bachaca,Ranchería
85773,Bachaca,Ejido
85773,Batarimocha,Ranchería
85773,Campamento de la CFE,Ranchería
85773,El Campamento de la CNA,Ranchería
85773,Casas Coloradas,Ranchería
85773,Crianza (Bachoco 3264),Ranchería
85773,Cuchuhuari,Ranchería
85773,Dos Hermanos,Ranchería
85773,El Alamillo (Las Pitahayitas),Ranchería
85773,El Amapal,Ranchería
85773,El Campamento Viejo de la CNA,Ranchería
85773,El Caracol,Ranchería
85773,El Carrizal,Ranchería
85773,El Cerco de Boon,Ranchería
85773,El Chicural (Aniceto),Ranchería
85773,El Chiflido,Ranchería
85773,El Chiflido (El Chicural),Ranchería
85773,El Chupadero,Ranchería
85773,El Churubusco,Ranchería
85773,El Dátil,Rancho
85773,El Dátil,Ranchería
85773,El Garabato (Los Dos Hermanos),Ranchería
85773,El Gran Chaparral,Ranchería
85773,Cerro Blanco [El Gringo],Ranchería
85773,El Palomar (Cañada),Ranchería
85773,El Papalote,Ranchería
85773,El Peñasco Blanco,Ranchería
85773,El Porvenir,Ranchería
85773,El Potrillo,Ranchería
85773,El Ranchito,Ranchería
85773,El Ranchito,Ejido
85773,El Retiro,Ranchería
85773,El Rincón,Ranchería
85773,El Rincón,Ejido
85773,El Rincón Viejo,Ranchería
85773,El Sabinal (Arroyo Grande),Ranchería
85773,El Tabelito,Ranchería
85773,El Tepustete,Ranchería
85773,El Tezal,Ranchería
85773,El Trigo,Ranchería
85773,El Vado,Ranchería
85773,General Francisco Villa,Ranchería
85773,General Francisco Villa División del Norte,Ranchería
85773,Las Gemelas,Ranchería
85773,Gran Chaparrón,Ranchería
85773,Guadalupe,Ranchería
85773,Guadalupe (Los Encinos),Ranchería
85773,La Cabaña,Ranchería
85773,La Cuarentenaria,Ranchería
85773,La Cuchilla,Ranchería
85773,La Cuchilla,Rancho
85773,La Escondida,Ranchería
85773,La Haciendita,Ranchería
85773,La Laguna,Ranchería
85773,La Guayabita,Ranchería
85773,La Pasadita (Tres Marías),Ranchería
85773,La Reforma,Ranchería
85773,La Zata,Ranchería
85773,Las Amapas [Agropecuaria],Ranchería
85773,Las Burras,Ranchería
85773,Las Cebollas,Ranchería
85773,Las Chicuritas (Agua Cercada),Ranchería
85773,Las Cuevas,Ranchería
85773,Las Lomas,Ranchería
85773,Las Pitahayitas,Ranchería
85773,Las Uvalamas,Ranchería
85773,Las Vinoramas,Ranchería
85773,Los Arenales,Ranchería
85773,Los Encinos,Ranchería
85773,Los Güicos,Ranchería
85773,Los Mezcales,Ranchería
85773,Los Mezcales,Ejido
85773,Maranatha (Argentina),Ranchería
85773,Margarita Valenzuela,Ranchería
85773,Mútica,Ranchería
85773,Minas Nuevas,Ranchería
85773,Mochomobampo,Ranchería
85773,Monterrey (Bachoco 3265),Ranchería
85773,Munihuasa,Ranchería
85773,Predio Santa Anita,Ranchería
85773,Presa de Corrales,Ranchería
85773,Presa de Denís,Ranchería
85773,Roberto Valenzuela,Ranchería
85773,Román Yocupicio (El Ranchito),Ranchería
85773,San Agustín de la Palma,Ranchería
85773,San Alfonso (La Pasadita),Ranchería
85773,San Andrés,Ranchería
85773,San Antonio,Ranchería
85773,San Antonio de los López,Ranchería
85773,San Martín,Ranchería
85773,San Nicolás,Ranchería
85773,San Pedro,Ranchería
85773,San Ramón (El Mezquital),Ranchería
85773,San Vicente del Cupis,Ranchería
85773,Santa Amalia (El Toro),Ranchería
85773,Santa Ana,Ranchería
85773,Santa Anita,Ranchería
85773,Santa Cruz,Ranchería
85773,Sobia,Ranchería
85773,Tabelojaqui,Ranchería
85773,Tres Marías,Ranchería
85773,Tres Marías (Bachoco 3261),Ranchería
85773,Tres Marías (Bachoco 3262),Ranchería
85773,Tres Marías (Bachoco 3263),Ranchería
85773,Vinatería,Ranchería
85774,Agua Tapada,Ejido
85774,El Chiflido,Ejido
85774,El Paredón Blanco,Ranchería
85774,La Casita,Ranchería
85774,La Higuera,Ranchería
85774,San Isidro,Ranchería
85774,San Pedro,Ejido
85775,El Mezquital,Pueblo
85775,Agua Caliente de Antero (Agua Caliente),Pueblo
85775,Baboyagui,Ranchería
85775,El Cajón,Pueblo
85775,El Potrero,Pueblo
85775,Huirocoba,Ranchería
85775,Potrero de Alcántar,Rancho
85775,El Guamuchil,Ranchería
85775,El Maquipo,Rancho
85775,El Zapote,Pueblo
85775,La Quintera,Pueblo
85775,La Cieneguita,Ejido
85775,La Laborcita,Ejido
85775,La Labor de Santa Lucía (El Mezquital),Ejido
85775,La Gacela,Ranchería
85775,Agua Blanca,Ranchería
85775,Barumico,Ranchería
85775,Buenavista,Ranchería
85775,Choquinahui (El Cobre),Ranchería
85775,Cuchujaqui,Ranchería
85775,El Babójori,Ranchería
85775,El Baiquillo,Ranchería
85775,El Barazón,Ranchería
85775,El Borbollón,Ranchería
85775,El Cajón del Sabino (El Cajón),Ranchería
85775,El Cajoncito,Ranchería
85775,El Divisadero (El Mezquite Cuate),Ranchería
85775,El Encino,Ranchería
85775,El Frijol,Ranchería
85775,El Guajolote,Ranchería
85775,El Guayabo,Ranchería
85775,El Mirasol,Ranchería
85775,El Porvenir,Ranchería
85775,El Reparo,Ranchería
85775,El Rodeo,Ranchería
85775,El Sabino Grande (El Sabino),Ranchería
85775,El Salitral,Ranchería
85775,El Sauce,Ranchería
85775,El Sombrerito,Ranchería
85775,El Tacuache,Ranchería
85775,El Taray,Ranchería
85775,El Tepehuaje,Ranchería
85775,Fundición,Ranchería
85775,Gocopiro,Ranchería
85775,Guamuchilito,Ranchería
85775,La Batea,Ranchería
85775,La Concepción,Ranchería
85775,La Labor Grande,Ranchería
85775,La Majada,Ranchería
85775,La Mezcalera,Ranchería
85775,La Mina de la Cruz,Ranchería
85775,La Noria,Ranchería
85775,La Palma,Ranchería
85775,La Presa,Ranchería
85775,La Tinaja,Ranchería
85775,Las Algarrobas,Ranchería
85775,Las Cabras,Ranchería
85775,Las Cuevas,Ranchería
85775,Las Lajas,Ranchería
85775,Las Lajitas,Ranchería
85775,Las Mercedes,Ranchería
85775,Las Mojarras,Ranchería
85775,Las Plomosas,Ranchería
85775,Las Sardinas,Ranchería
85775,Las Tablas,Ranchería
85775,Las Viguitas,Ranchería
85775,Las Viruelas,Ranchería
85775,Los Amoles,Ranchería
85775,Los Llanos,Ranchería
85775,Los Llanos de Benito,Ranchería
85775,Los Mimbres (El Pinto),Ranchería
85775,Los Otates,Ranchería
85775,Palmarito,Ranchería
85775,Palo Injerto,Ranchería
85775,Palos Chinos,Ranchería
85775,Paparique,Ranchería
85775,Potrerillos,Ranchería
85775,Potrero de Reuter,Ranchería
85775,Puerta de Mano,Ranchería
85775,Sabinito Sur,Ranchería
85775,San Antonio,Ranchería
85775,San Miguel,Ranchería
85775,San Pablo,Ranchería
85775,San Pedro,Ranchería
85775,Santa Bárbara,Ranchería
85775,Santa Fe,Ranchería
85775,Sotorijaqui,Ranchería
85776,La Isleta,Ranchería
85776,Tojibampo,Ranchería
85776,Yocojigua,Hacienda
85776,Arnoldo Acosta,Ranchería
85776,Chino Gordo,Ranchería
85776,Compostela de las Amapas,Ranchería
85776,Conisaca,Ranchería
85776,Cuesta Blanca,Ranchería
85776,El Chilar,Ranchería
85776,El Corcovado,Ranchería
85776,El Eucalipto,Ranchería
85776,El Garambullo,Ranchería
85776,El Molino,Ranchería
85776,El Palomo,Ranchería
85776,El Ranchito,Ranchería
85776,La Cieneguilla,Ranchería
85776,La Escondida,Ranchería
85776,La Mesa,Ranchería
85776,La Sierrita,Ranchería
85776,La Urraca,Ranchería
85776,Las Guásimas,Ranchería
85776,Aguaje Grande,Rancho
85776,Los Capomos,Ranchería
85776,Los Josos,Ranchería
85776,Los Norotes,Ranchería
85776,Paredones,Ranchería
85776,Piedras Blancas,Ranchería
85776,Piedras Blancas,Rancho
85776,Piedras Blancas,Ejido
85776,Rancherías,Ranchería
85776,Jayze,Rancho
85776,Piedras Blancas (La Presa),Rancho
85776,Viejo,Rancho
85776,San Ignacio,Ranchería
85777,Gerocoa,Ranchería
85777,Gerocoa Chico (Los Plátanos),Ranchería
85777,Gerocoa (Las Canillas),Ejido
85777,San Vicente,Pueblo
85777,Cerro Colorado (El Colorado),Pueblo
85777,El Chinal,Rancho
85777,Basiroa,Ranchería
85777,El Carrizal,Ranchería
85777,El Salado,Rancho
85777,Los Muertos,Hacienda
85777,Tapizuelas,Rancho
85777,Arroyo Hondo,Ranchería
85777,Bacamaya,Ranchería
85777,Capitahuasa,Ranchería
85777,Casanate,Ranchería
85777,Cuesta de Manojaqui,Ranchería
85777,El Chapote,Rancho
85777,El Maquipito,Ranchería
85777,El Paso,Ranchería
85777,El Recodo,Ranchería
85777,El Remudadero,Ranchería
85777,El Sabino,Ranchería
85777,Las Flores (Gerocoa),Ranchería
85777,Guadalupe,Ranchería
85777,Guayparín,Ranchería
85777,Guayparín (Guayparime),Ranchería
85777,Jamochihuasa,Ranchería
85777,La Ciénega,Ranchería
85777,La Colorada,Ranchería
85777,La Cuesta,Ranchería
85777,La Cuesta del Carrizal,Ranchería
85777,La Noria,Ranchería
85777,La Zata,Ranchería
85777,Las Ánimas,Ranchería
85777,Las Pilas,Ranchería
85777,Los Alamillos,Ranchería
85777,Los Batequis,Ranchería
85777,Los Brasiles,Ranchería
85777,Los Capomos,Ejido
85777,Paredón,Ranchería
85777,Providencia,Ranchería
85777,Viejo,Rancho
85777,Sivilimora,Ranchería
85778,Dolisa (Presa el Veranito),Hacienda
85778,El Veranito,Ejido
85778,Abachapa,Ranchería
85778,Agua Nueva,Ranchería
85778,California (Santa Mónica),Ranchería
85778,Chícoras,Ranchería
85778,Severino Ceniceros (Cerro Pelón),Ejido
85778,El Chíchal,Ranchería
85778,El Guasimal,Ranchería
85778,El Nacapul,Ranchería
85778,El Sauce,Ranchería
85778,Huirubampo,Ranchería
85778,Juchica,Ranchería
85778,La Aceituna,Ranchería
85778,La Ladrillera,Ranchería
85778,Las Norias,Ranchería
85778,Las Rastras,Ranchería
85778,Las Víboras,Ranchería
85778,Los Mezquitos,Ranchería
85778,Nacapul,Ranchería
85778,Nasubampo,Ranchería
85778,Pozo Viejo,Ranchería
85778,San Antonio de los González,Ranchería
85778,San Manuel,Ranchería
85778,Tetacruz,Ranchería
85778,Tetagiosa,Ranchería
85778,Tobari,Ranchería
85779,Los Citahuis,Ranchería
85779,El Chino (San Antonio de los Chinos),Ranchería
85779,La Providencia,Ranchería
85779,Anáhuac,Ejido
85779,21 de Marzo,Ejido
85779,21 de Marzo Uno,Ejido
85779,Belduque,Ranchería
85779,Bellavista,Ranchería
85779,California (La Asina),Ranchería
85779,California (Sector Cuatro),Ranchería
85779,Daniel Morales,Ranchería
85779,El Ave Negra Dos,Ranchería
85779,El Ave Negra I,Ranchería
85779,Francisco R Serrano,Ejido
85779,Francisco Solís,Ranchería
85779,Huiquibampo,Ranchería
85779,La Bandera,Ranchería
85779,La Esperanza,Ranchería
85779,La Iguana (La Iguana Norte),Ranchería
85779,La Noria (Toribampo),Ranchería
85779,Las Mayas (La Granadita),Ranchería
85779,Las Pailas,Ranchería
85779,Los Arbolitos,Ranchería
85779,Los Bebederos (La Granada),Ranchería
85779,Los Carneros,Ranchería
85779,Seco,Rancho
85779,Rosarito,Ranchería
85779,Rosarito Dos,Ranchería
85779,Rosarito Uno,Ranchería
85779,San Francisco,Ranchería
85779,San Isidro,Ranchería
85779,Santa Rosa,Ranchería
85779,Tonomino,Granja
85780,Yécora Centro,Colonia
85785,La Tijera,Rancho
85786,Pimas (Juan Diego de los Pimas),Ranchería
85788,El Kipur,Pueblo
85789,Maycoba,Pueblo
85790,Santa Ana,Ejido
85790,Santa Rosa,Rancho
85793,Tepoca,Pueblo
85794,La Quema,Pueblo
85795,San Nicolás,Ejido
85796,Santa Rosa (Santa Rosa de Lima),Pueblo
85796,La Trinidad (Real de la Trinidad),Ejido
85797,Mesa del Campanero (Mesa de los Fraijo),Rancho
85797,Guadalupe de Tayopa,Pueblo
85798,La Concepción,Ranchería
85800,Navojoa Centro,Colonia
85810,Pueblo Nuevo,Colonia
85810,Buenavista,Colonia
85820,Constitución,Colonia
85820,Tierra Blanca,Colonia
85823,La Moraleja,Fraccionamiento
85823,Navia Residencial,Fraccionamiento
85823,Campestre,Fraccionamiento
85823,Camino Real,Fraccionamiento
85825,Los Arcos,Fraccionamiento
85825,Villa Lourdes,Fraccionamiento
85826,Hacienda Real,Fraccionamiento
85826,San Ignacio Cohuirimpo,Colonia
85826,Santa Fe,Colonia
85826,Hacienda Vieja,Colonia
85827,Tetanchopo,Colonia
85830,La Encantada,Fraccionamiento
85830,El Álamo,Fraccionamiento
85830,Reforma,Colonia
85830,Villa del Sol,Fraccionamiento
85835,Residencial la Huerta,Fraccionamiento
85835,La Toscana Residencial,Fraccionamiento
85835,Los Naranjos,Fraccionamiento
85835,Mezquital de Pueblo Viejo,Colonia
85840,Aviación,Colonia
85840,Hidalgo,Colonia
85840,Moderna,Colonia
85840,Nogalitos,Colonia
85840,CTM Obrera,Fraccionamiento
85843,Misión Salvatierra,Fraccionamiento
85843,Finca Real,Fraccionamiento
85843,Los Arroyos,Fraccionamiento
85843,Misión Santa María,Fraccionamiento
85843,Privada la Herradura,Fraccionamiento
85843,Residencial Santa María,Fraccionamiento
85843,La Herradura,Fraccionamiento
85845,Pueblo Viejo,Colonia
85850,Allende,Colonia
85850,Mocúzarit,Colonia
85850,Rosales,Colonia
85850,Miravalle,Colonia
85860,Beltrones II,Colonia
85860,Central,Colonia
85860,Deportiva,Colonia
85860,ITSON,Colonia
85860,Beltrones,Colonia
85860,Ampliación Beltrones,Colonia
85864,FOVISSSTESON,Fraccionamiento
85864,Brisas del Valle,Fraccionamiento
85864,FOVISSSTE,Fraccionamiento
85865,Pradera Dorada,Fraccionamiento
85870,Villas de Fátima,Fraccionamiento
85870,Residencial Palermo,Fraccionamiento
85870,Juárez,Colonia
85870,Santa Bárbara,Fraccionamiento
85874,Villa Dorada,Fraccionamiento
85874,La Joya,Fraccionamiento
85874,Bugambilias,Fraccionamiento
85874,Los Laureles,Fraccionamiento
85874,Los Girasoles,Fraccionamiento
85880,Santa Clara,Colonia
85880,Francisco Villa,Colonia
85880,Jacarandas II,Colonia
85880,Jacarandas,Fraccionamiento
85880,Tierra y Libertad,Colonia
85880,Licenciado Armando López Nogales,Colonia
85880,Guadalupana,Colonia
85880,Aeropuerto,Fraccionamiento
85890,Sonora,Colonia
85890,SOP,Colonia
85890,INFONAVIT Sonora,Fraccionamiento
85890,Arboledas,Fraccionamiento
85890,Indeur,Fraccionamiento
85890,Sonora Progresista,Colonia
85890,Profesor Rosario Ruelas,Colonia
85890,Minas de Arena,Colonia
85890,Privada del Pedregal,Colonia
85893,Nueva Generación,Colonia
85893,16 de Junio,Colonia
85894,Real del Álamo,Fraccionamiento
85894,23 de Abril,Colonia
85894,La Marqueza,Colonia
85894,Las Torres,Colonia
85894,Misión del Sol,Colonia
85894,Tetaboca,Fraccionamiento
85894,Misioneros del Sur,Fraccionamiento
85894,Tepeyac,Colonia
85894,Misioneros,Fraccionamiento
85895,Industrial Park Navojoa,Zona industrial
85895,16 de Septiembre,Colonia
85896,Los Valles,Fraccionamiento
85896,Valle Grande,Fraccionamiento
85900,Huatabampo Centro,Colonia
85910,Ibarra,Colonia
85913,Del Valle,Colonia
85914,Las Abejas,Fraccionamiento
85914,El Porvenir,Colonia
85920,Lázaro Cárdenas,Colonia
85925,La Trinidad,Colonia
85930,14 de Enero,Colonia
85930,El Sauce,Colonia
85930,Muñoz,Colonia
85935,Las Palmas,Fraccionamiento
85935,Nuevo Amanecer,Colonia
85935,Parque Industrial,Zona industrial
85937,Nueva Esperanza,Colonia
85937,Los Naranjos,Colonia
85937,Independencia,Colonia
85938,Campo Larrinaga,Colonia
85940,El Alhuate,Colonia
85940,Pascual Orozco,Colonia
85940,Beltrones,Fraccionamiento
85940,Óscar López,Colonia
85943,Colosio,Colonia
85950,Obregón,Colonia
85960,La Ranchería,Colonia
85966,Santa Cruz,Colonia
85966,Nueva,Colonia
85967,Guadalupe Ríos,Colonia
85968,La Laguna,Colonia
85968,PRI 90,Colonia
85970,Díaz,Fraccionamiento
85970,Anselmo Macías,Colonia
85977,Los Juris,Fraccionamiento
85977,Privada Residencial La Hacienda,Fraccionamiento
85980,El Rastro Viejo,Colonia
85980,El Control,Colonia
85984,INFONAVIT Los Juris,Colonia
85984,El Trébol,Fraccionamiento
85984,Nueva Creación,Fraccionamiento
85990,La Cuchilla,Colonia
85990,Unidad Deportiva,Colonia
85994,La Unión,Colonia
85994,Instituto Tecnológico de Huatabampo,Equipamiento
